stud_number;first_name;last_name;gender;email;registration_date;payment_date;registration_fee;year
7719175;Eliane;CHOISNE;M;eliane.choisne@etudiant.univ-rennes1.fr;2021-10-08;2021-11-07;20.5;2022
7208231;Florian;COEFFARD;M;florian.coeffard@etudiant.univ-rennes1.fr;2021-10-01;2021-10-01;20.5;2022
5876984;Jacob;ROUSSIERE;garçon;jacob.roussiere@etudiant.univ-rennes1.fr;2021-10-10;2021-11-09;20.5;2022
2486399;Hortense;GUEFFIER;W;hortense.gueffier@etudiant.univ-rennes1.fr;2021-10-10;2021-10-10;20.5;2022
7874799;Timothée;COUILLAUD;H;timothee.couillaud@etudiant.univ-rennes1.fr;2021-09-27;2021-10-27;20.5;2022
2321657;Léonie;RELION;F;leonie.relion@etudiant.univ-rennes1.fr;2021-10-09;2021-10-09;20.5;2022
1056327;Prosper;FERRON;H;prosper.ferron@etudiant.univ-rennes1.fr;2021-09-23;2021-09-23;20.5;2022
2357186;Marie-Helene;COUVREUR;W;marie-helene.couvreur@etudiant.univ-rennes1.fr;2021-09-25;2021-09-25;20.5;2022
8298259;Béatrix;CHOISNET;fille;beatrix.choisnet@etudiant.univ-rennes1.fr;2021-09-15;2021-09-15;20.5;2022
7085217;Geneviève;RAGUIN;W;genevieve.raguin@etudiant.univ-rennes1.fr;2021-10-17;2021-11-16;20.5;2022
2542500;Karl;ANIS;H;karl.anis@etudiant.univ-rennes1.fr;2021-10-15;2021-11-14;20.5;2022
9699114;Ludwig;JACQUET;M;ludwig.jacquet@etudiant.univ-rennes1.fr;2021-09-24;2021-10-24;20.5;2022
6060655;Gina;GUILLEMET;fille;gina.guillemet@etudiant.univ-rennes1.fr;2021-10-16;2021-10-16;20.5;2022
3656441;Camille;BOUET;garçon;camille.bouet@etudiant.univ-rennes1.fr;2021-10-09;2021-10-09;20.5;2022
5857152;Alphonse;GOIZET;M;alphonse.goizet@etudiant.univ-rennes1.fr;2021-10-16;2021-10-16;20.5;2022
8264456;Juliette;RENOUX;F;juliette.renoux@etudiant.univ-rennes1.fr;2021-10-21;2021-11-20;20.5;2022
2199095;Marie-Bernadette;PERRON;fille;marie-bernadette.perron@etudiant.univ-rennes1.fr;2021-10-10;2021-11-09;20.5;2022
3808222;Frantz;REVERDY;M;frantz.reverdy@etudiant.univ-rennes1.fr;2021-09-18;2021-10-18;20.5;2022
1443127;Marie-Céline;DENECHERE;fille;marie-celine.denechere@etudiant.univ-rennes1.fr;2021-10-02;;20.5;2022
8841242;Françoise;BOUDIER;M;francoise.boudier@etudiant.univ-rennes1.fr;2021-10-05;2021-10-05;20.5;2022
1548313;Claude;PAULEAU;F;claude.pauleau@etudiant.univ-rennes1.fr;2021-10-08;2021-10-08;20.5;2022
7812504;Steeve;LUCAS;H;steeve.lucas@etudiant.univ-rennes1.fr;2021-09-21;2021-09-21;20.5;2022
6826493;Dimitri;PERRAUD;garçon;dimitri.perraud@etudiant.univ-rennes1.fr;2021-10-08;2021-10-08;20.5;2022
6684033;Nicole;PREZELIN;M;nicole.prezelin@etudiant.univ-rennes1.fr;2021-10-25;2021-11-24;20.5;2022
6987488;Lise-Marie;BEAUMIER;W;lise-marie.beaumier@etudiant.univ-rennes1.fr;2021-09-12;2021-09-12;20.5;2022
1489259;Marie-Joelle;HAMON;fille;marie-joelle.hamon@etudiant.univ-rennes1.fr;2021-10-11;2021-11-10;20.5;2022
1816455;Guy;GEFFARD;M;guy.geffard@etudiant.univ-rennes1.fr;2021-10-27;2021-11-26;20.5;2022
8799340;Edouard;PANTAIS;H;edouard.pantais@etudiant.univ-rennes1.fr;2021-09-17;2021-09-17;20.5;2022
9419081;Arnauld;MESNARD;garçon;arnauld.mesnard@etudiant.univ-rennes1.fr;2021-09-28;2021-09-28;20.5;2022
1865983;Jean-Léon;CHEREAU;H;jean-leon.chereau@etudiant.univ-rennes1.fr;2021-10-21;2021-11-20;20.5;2022
4142842;Jean-José;BONNEAU;M;jean-jose.bonneau@etudiant.univ-rennes1.fr;2021-09-27;2021-09-27;20.5;2022
4720458;Godefroy;CHENE;garçon;godefroy.chene@etudiant.univ-rennes1.fr;2021-09-27;2021-09-27;20.5;2022
7680585;Jean-Pierre;MORISSET;garçon;jean-pierre.morisset@etudiant.univ-rennes1.fr;2021-09-21;2021-09-21;20.5;2022
2492393;Moussa;LEMOINE;H;moussa.lemoine@etudiant.univ-rennes1.fr;2021-09-25;2021-09-25;20.5;2022
7552324;Huguette;LAMBERT;W;huguette.lambert@etudiant.univ-rennes1.fr;2021-09-15;2021-09-15;20.5;2022
1143077;Stéphane;BOISTAULT;F;stephane.boistault@etudiant.univ-rennes1.fr;2021-09-13;2021-09-13;20.5;2022
3654729;Cendrine;GOHIER;F;cendrine.gohier@etudiant.univ-rennes1.fr;2021-10-20;2021-10-20;20.5;2022
9875243;Gwenola;POITOU;fille;gwenola.poitou@etudiant.univ-rennes1.fr;2021-09-12;2021-10-12;20.5;2022
6838348;Jean-Charles;LEBRUN;H;jean-charles.lebrun@etudiant.univ-rennes1.fr;2021-10-16;2021-10-16;20.5;2022
3273815;John;RIVAULT;garçon;john.rivault@etudiant.univ-rennes1.fr;2021-10-23;2021-10-23;20.5;2022
7272063;Valérie;MAILLOCHON;fille;valerie.maillochon@etudiant.univ-rennes1.fr;2021-09-18;2021-09-18;20.5;2022
4726982;Doris;LANDRY;fille;doris.landry@etudiant.univ-rennes1.fr;2021-10-09;2021-10-09;20.5;2022
7339596;Najia;ALIGON;W;najia.aligon@etudiant.univ-rennes1.fr;2021-09-17;2021-09-17;20.5;2022
6949831;Edwige;CHATEIGNER;F;edwige.chateigner@etudiant.univ-rennes1.fr;2021-10-10;2021-10-10;20.5;2022
7930059;Marianne;LE GAL;H;marianne.le gal@etudiant.univ-rennes1.fr;2021-10-07;2021-10-07;20.5;2022
1704351;Inès;﻿MARTIN;fille;ines.martin@etudiant.univ-rennes1.fr;2021-10-16;2021-10-16;20.5;2022
138039;Helen;COIFFARD;fille;helen.coiffard@etudiant.univ-rennes1.fr;2021-10-24;2021-11-23;20.5;2022
7971456;Salim;GRIFFON;M;salim.griffon@etudiant.univ-rennes1.fr;2021-09-17;2021-09-17;20.5;2022
8623571;Kheira;ROTUREAU;W;kheira.rotureau@etudiant.univ-rennes1.fr;2021-10-25;2021-11-24;20.5;2022
6413651;Jean-Michel;BOURBON;garçon;jean-michel.bourbon@etudiant.univ-rennes1.fr;2021-10-13;2021-10-13;20.5;2022
1119943;Maude;ALGOURDIN;fille;maude.algourdin@etudiant.univ-rennes1.fr;2021-10-02;2021-11-01;20.5;2022
316232;Marcel;FAURE;H;marcel.faure@etudiant.univ-rennes1.fr;2021-10-22;2021-10-22;20.5;2022
7467470;Helga;GERNIGON;F;helga.gernigon@etudiant.univ-rennes1.fr;2021-09-27;2021-09-27;20.5;2022
6713791;Andrée;GUEDON;F;andree.guedon@etudiant.univ-rennes1.fr;2021-10-12;2021-10-12;20.5;2022
3479955;Marie-Elisabeth;RAVARY;F;marie-elisabeth.ravary@etudiant.univ-rennes1.fr;2021-10-07;2021-11-06;20.5;2022
6393605;Huguette;BOURBON;W;huguette.bourbon@etudiant.univ-rennes1.fr;2021-09-22;2021-10-22;20.5;2022
6507216;Paul-André;LEFEVRE;H;paul-andre.lefevre@etudiant.univ-rennes1.fr;2021-09-17;2021-10-17;20.5;2022
4239662;Ursula;LHERBETTE;fille;ursula.lherbette@etudiant.univ-rennes1.fr;2021-09-22;2021-09-22;20.5;2022
5089004;Vincenza;DELAHAIE;fille;vincenza.delahaie@etudiant.univ-rennes1.fr;2021-10-04;2021-10-04;20.5;2022
2206687;Marie Paule;GODEFROY;F;marie paule.godefroy@etudiant.univ-rennes1.fr;2021-09-29;2021-10-29;20.5;2022
975616;Ghislaine;GUIARD;garçon;ghislaine.guiard@etudiant.univ-rennes1.fr;2021-10-03;2021-10-03;20.5;2022
7850964;Chistophe;GUIARD;H;chistophe.guiard@etudiant.univ-rennes1.fr;2021-09-13;2021-09-13;20.5;2022
8099037;Maïté;BARAUD;W;maite.baraud@etudiant.univ-rennes1.fr;2021-10-17;2021-10-17;20.5;2022
9976281;Jean-Richard;RAPICAULT;M;jean-richard.rapicault@etudiant.univ-rennes1.fr;2021-09-14;2021-09-14;20.5;2022
2743060;Denise;BROUARD;F;denise.brouard@etudiant.univ-rennes1.fr;2021-09-23;2021-09-23;20.5;2022
6768024;Ida;DAVIAU;F;ida.daviau@etudiant.univ-rennes1.fr;2021-10-07;2021-10-07;20.5;2022
3635356;Jean Toussaint;MICHELET;H;jean toussaint.michelet@etudiant.univ-rennes1.fr;2021-10-14;2021-10-14;20.5;2022
145894;Marie Noelle;COSTE;fille;marie noelle.coste@etudiant.univ-rennes1.fr;2021-10-14;2021-10-14;20.5;2022
8775967;Claudio;ROUILLE;M;claudio.rouille@etudiant.univ-rennes1.fr;2021-10-27;2021-10-27;20.5;2022
6558582;Marie-Line;CHARPENTIER;F;marie-line.charpentier@etudiant.univ-rennes1.fr;2021-10-01;2021-10-01;20.5;2022
34297;Marie-Astrid;TROST;F;marie-astrid.trost@etudiant.univ-rennes1.fr;2021-10-12;2021-10-12;20.5;2022
2314513;Martha;COULOT;F;martha.coulot@etudiant.univ-rennes1.fr;2021-09-17;2021-09-17;20.5;2022
8775240;Manuela;MESANGE;F;manuela.mesange@etudiant.univ-rennes1.fr;2021-10-20;2021-10-20;20.5;2022
6432702;Maude;HALBERT;fille;maude.halbert@etudiant.univ-rennes1.fr;2021-10-24;2021-10-24;20.5;2022
2092864;Renee;CHAUVIN;W;renee.chauvin@etudiant.univ-rennes1.fr;2021-10-22;2021-10-22;20.5;2022
7327945;Dolorès;GAUGAIN;fille;dolores.gaugain@etudiant.univ-rennes1.fr;2021-10-13;2021-10-13;20.5;2022
1535695;Monique;HARDOUIN;garçon;monique.hardouin@etudiant.univ-rennes1.fr;2021-10-02;2021-10-02;20.5;2022
9287286;Marco;BROSSAS;H;marco.brossas@etudiant.univ-rennes1.fr;2021-09-21;2021-09-21;20.5;2022
5390269;Philomène;DA SILVA;W;philomene.da silva@etudiant.univ-rennes1.fr;2021-10-17;2021-11-16;20.5;2022
3654438;Walter;LAVENIER;H;walter.lavenier@etudiant.univ-rennes1.fr;2021-09-30;2021-09-30;20.5;2022
4071677;Marie-Joëlle;DEROUET;F;marie-joelle.derouet@etudiant.univ-rennes1.fr;2021-10-18;2021-10-18;20.5;2022
7012052;Zahia;BACLE;fille;zahia.bacle@etudiant.univ-rennes1.fr;2021-10-24;2021-10-24;20.5;2022
7092166;Jack;MAUXION;M;jack.mauxion@etudiant.univ-rennes1.fr;2021-09-14;2021-09-14;20.5;2022
785189;Philippe;POINTEAU;M;philippe.pointeau@etudiant.univ-rennes1.fr;2021-10-18;2021-10-18;20.5;2022
101046;Emmanuelle;DAGUIN;F;emmanuelle.daguin@etudiant.univ-rennes1.fr;2021-09-20;2021-10-20;20.5;2022
9061188;Omar;BERTAUD;H;omar.bertaud@etudiant.univ-rennes1.fr;2021-09-26;2021-10-26;20.5;2022
8486227;Marie-Michèle;PERRAULT;fille;marie-michele.perrault@etudiant.univ-rennes1.fr;2021-09-28;2021-09-28;20.5;2022
1542780;Peggy;GENDRY;W;peggy.gendry@etudiant.univ-rennes1.fr;2021-09-29;2021-09-29;20.5;2022
4207744;Gaby;PANNEAU;H;gaby.panneau@etudiant.univ-rennes1.fr;2021-09-19;2021-09-19;20.5;2022
6861454;Philip;MALINGE;garçon;philip.malinge@etudiant.univ-rennes1.fr;2021-10-13;2021-11-12;20.5;2022
8955635;Anne-Yvonne;LEBRUN;W;anne-yvonne.lebrun@etudiant.univ-rennes1.fr;2021-10-13;2021-10-13;20.5;2022
4433959;Marie-Helene;NOEL;F;marie-helene.noel@etudiant.univ-rennes1.fr;2021-10-18;2021-10-18;20.5;2022
1810422;Mireille;LEGER;fille;mireille.leger@etudiant.univ-rennes1.fr;2021-10-02;2021-10-02;20.5;2022
2355705;Jeannot;AUVINET;M;jeannot.auvinet@etudiant.univ-rennes1.fr;2021-09-30;2021-09-30;20.5;2022
9492774;Dorothée;PINARD;fille;dorothee.pinard@etudiant.univ-rennes1.fr;2021-09-27;2021-10-27;20.5;2022
2960755;Helmut;CHALOPIN;M;helmut.chalopin@etudiant.univ-rennes1.fr;2021-09-23;2021-09-23;20.5;2022
7145865;Fatma;COUVREUX;fille;fatma.couvreux@etudiant.univ-rennes1.fr;2021-10-22;2021-10-22;20.5;2022
3355919;Jean-Pol;BELNOU;M;jean-pol.belnou@etudiant.univ-rennes1.fr;2021-10-14;2021-10-14;20.5;2022
423898;Hafida;BOUGREAU;W;hafida.bougreau@etudiant.univ-rennes1.fr;2021-10-13;2021-11-12;20.5;2022
6813274;Marietta;VION;F;marietta.vion@etudiant.univ-rennes1.fr;2021-10-25;2021-10-25;20.5;2022
1175545;Jacki;BEZIE;garçon;jacki.bezie@etudiant.univ-rennes1.fr;2021-09-27;;20.5;2022
517862;Fleur;SECHER;fille;fleur.secher@etudiant.univ-rennes1.fr;2021-10-19;2021-11-18;20.5;2022
7231589;Jacob;BOURRIGAULT;M;jacob.bourrigault@etudiant.univ-rennes1.fr;2021-09-18;2021-09-18;20.5;2022
8147057;Florian;BEAUMONT;M;florian.beaumont@etudiant.univ-rennes1.fr;2021-10-08;2021-11-07;20.5;2022
1950948;Marinette;CERISIER;fille;marinette.cerisier@etudiant.univ-rennes1.fr;2021-10-11;2021-11-10;20.5;2022
7009087;Daniela;POILANE;fille;daniela.poilane@etudiant.univ-rennes1.fr;2021-10-17;2021-11-16;20.5;2022
2319720;Hocine;CUSSONNEAU;garçon;hocine.cussonneau@etudiant.univ-rennes1.fr;2021-09-19;2021-09-19;20.5;2022
8861766;Elvis;COSNARD;M;elvis.cosnard@etudiant.univ-rennes1.fr;2021-09-17;2021-10-17;20.5;2022
6424608;Marie-Lise;JOUAN;F;marie-lise.jouan@etudiant.univ-rennes1.fr;2021-10-03;2021-11-02;20.5;2022
7206006;Jérémy;DESGRE;M;jeremy.desgre@etudiant.univ-rennes1.fr;2021-10-24;2021-10-24;20.5;2022
7903483;Marinella;COLAISSEAU;W;marinella.colaisseau@etudiant.univ-rennes1.fr;2021-09-25;2021-09-25;20.5;2022
5704838;Emmanuel;CHOLLET;garçon;emmanuel.chollet@etudiant.univ-rennes1.fr;2021-10-25;2021-10-25;20.5;2022
1641799;Jean;BRICARD;M;jean.bricard@etudiant.univ-rennes1.fr;2021-09-27;2021-10-27;20.5;2022
455099;Antoinette;PERRAULT;fille;antoinette.perrault@etudiant.univ-rennes1.fr;2021-10-11;2021-10-11;20.5;2022
4121585;Colombe;LENOGUE;fille;colombe.lenogue@etudiant.univ-rennes1.fr;2021-10-21;2021-11-20;20.5;2022
9695784;Conchita;ROHARD;F;conchita.rohard@etudiant.univ-rennes1.fr;2021-10-05;2021-10-05;20.5;2022
3946299;Alberto;DEVEAU;M;alberto.deveau@etudiant.univ-rennes1.fr;2021-10-04;2021-10-04;20.5;2022
4124362;Renee;GANNE;F;renee.ganne@etudiant.univ-rennes1.fr;2021-10-08;2021-10-08;20.5;2022
934964;Anny;VOISINE;fille;anny.voisine@etudiant.univ-rennes1.fr;2021-10-27;2021-11-26;20.5;2022
6876230;Bérénice;VRAIN;fille;berenice.vrain@etudiant.univ-rennes1.fr;2021-10-18;2021-10-18;20.5;2022
7224833;Mariannick;DERSOIR;F;mariannick.dersoir@etudiant.univ-rennes1.fr;2021-09-26;2021-09-26;20.5;2022
8261444;Anick;PICHAUD;W;anick.pichaud@etudiant.univ-rennes1.fr;2021-09-20;2021-10-20;20.5;2022
943508;Cyriaque;MECHIN;M;cyriaque.mechin@etudiant.univ-rennes1.fr;2021-09-18;2021-10-18;20.5;2022
4884321;Geneviève;BLON;M;genevieve.blon@etudiant.univ-rennes1.fr;2021-09-21;2021-09-21;20.5;2022
6136699;Aymeric;POIRIER;H;aymeric.poirier@etudiant.univ-rennes1.fr;2021-09-29;2021-09-29;20.5;2022
4631172;Hamid;ALLUSSE;H;hamid.allusse@etudiant.univ-rennes1.fr;2021-10-19;2021-11-18;20.5;2022
455954;Florian;DIDIER;H;florian.didier@etudiant.univ-rennes1.fr;2021-10-05;2021-11-04;20.5;2022
3079755;Marie-Therese;RIBAULT;W;marie-therese.ribault@etudiant.univ-rennes1.fr;2021-10-02;2021-11-01;20.5;2022
3887446;Yolène;FRUCHET;F;yolene.fruchet@etudiant.univ-rennes1.fr;2021-09-19;2021-10-19;20.5;2022
2284632;Jean-Hervé;DA SILVA;H;jean-herve.da silva@etudiant.univ-rennes1.fr;2021-10-22;2021-11-21;20.5;2022
2605131;Romain;BLANCHARD;H;romain.blanchard@etudiant.univ-rennes1.fr;2021-10-16;2021-10-16;20.5;2022
102166;Jean-Richard;LEMESLE;M;jean-richard.lemesle@etudiant.univ-rennes1.fr;2021-10-10;2021-10-10;20.5;2022
6119439;Alison;CONSTANTIN;fille;alison.constantin@etudiant.univ-rennes1.fr;2021-10-20;2021-10-20;20.5;2022
375023;Honoré;LIVACHE;M;honore.livache@etudiant.univ-rennes1.fr;2021-09-30;2021-09-30;20.5;2022
4493579;Karine;MAINDRON;garçon;karine.maindron@etudiant.univ-rennes1.fr;2021-10-05;2021-10-05;20.5;2022
9483832;Carmelo;BARBIN;M;carmelo.barbin@etudiant.univ-rennes1.fr;2021-10-16;2021-11-15;20.5;2022
6360966;Eddie;PELLUAU;garçon;eddie.pelluau@etudiant.univ-rennes1.fr;2021-10-01;2021-10-01;20.5;2022
8171384;Thérèse-Marie;PICARD;fille;therese-marie.picard@etudiant.univ-rennes1.fr;2021-10-19;2021-10-19;20.5;2022
9896491;Raphaelle;BUSSON;fille;raphaelle.busson@etudiant.univ-rennes1.fr;2021-10-24;2021-10-24;20.5;2022
5879679;Siméon;CHATAIGNER;garçon;simeon.chataigner@etudiant.univ-rennes1.fr;2021-10-19;2021-10-19;20.5;2022
3280740;Emilienne;BRANCHU;W;emilienne.branchu@etudiant.univ-rennes1.fr;2021-09-15;2021-09-15;20.5;2022
1173540;Karin;GENTILHOMME;W;karin.gentilhomme@etudiant.univ-rennes1.fr;2021-09-21;2021-09-21;20.5;2022
8200792;David;MAILLET;W;david.maillet@etudiant.univ-rennes1.fr;2021-10-09;2021-10-09;20.5;2022
6124965;Marie Jeanne;RICHE;F;marie jeanne.riche@etudiant.univ-rennes1.fr;2021-10-16;2021-10-16;20.5;2022
1696413;Pierre André;LIZE;M;pierre andre.lize@etudiant.univ-rennes1.fr;2021-09-17;2021-09-17;20.5;2022
697403;Romuald;ROCHAIS;garçon;romuald.rochais@etudiant.univ-rennes1.fr;2021-10-10;2021-10-10;20.5;2022
2338037;Anicet;PAUL;garçon;anicet.paul@etudiant.univ-rennes1.fr;2021-10-10;2021-11-09;20.5;2022
7076940;Michele;FAUCHARD;M;michele.fauchard@etudiant.univ-rennes1.fr;2021-09-30;2021-09-30;20.5;2022
5559063;Magali;BLAITEAU;M;magali.blaiteau@etudiant.univ-rennes1.fr;2021-10-16;2021-10-16;20.5;2022
9419114;Cedric;FOULON;H;cedric.foulon@etudiant.univ-rennes1.fr;2021-09-24;2021-10-24;20.5;2022
8851085;Coralie;LATTE;W;coralie.latte@etudiant.univ-rennes1.fr;2021-10-23;2021-10-23;20.5;2022
1829605;Ariane;BOULLAIS;W;ariane.boullais@etudiant.univ-rennes1.fr;2021-10-18;2021-10-18;20.5;2022
7779709;Valerie;FRAQUET;H;valerie.fraquet@etudiant.univ-rennes1.fr;2021-09-19;;20.5;2022
7889033;Coralie;CHEVET;W;coralie.chevet@etudiant.univ-rennes1.fr;2021-09-24;2021-09-24;20.5;2022
6734111;Théo;DELARUE;M;theo.delarue@etudiant.univ-rennes1.fr;2021-10-20;2021-10-20;20.5;2022
4131535;Marie-Alice;LEGRAND;W;marie-alice.legrand@etudiant.univ-rennes1.fr;2021-09-21;2021-09-21;20.5;2022
5970331;Maryvonne;FOUGERE;W;maryvonne.fougere@etudiant.univ-rennes1.fr;2021-09-18;2021-09-18;20.5;2022
9302400;Karim;NAULEAU;H;karim.nauleau@etudiant.univ-rennes1.fr;2021-10-01;2021-10-01;20.5;2022
1178592;Christine;PROUST;H;christine.proust@etudiant.univ-rennes1.fr;2021-10-14;2021-10-14;20.5;2022
8132386;Mounir;HERBERT;garçon;mounir.herbert@etudiant.univ-rennes1.fr;2021-10-23;2021-10-23;20.5;2022
2077845;Fatiha;TESSIER;W;fatiha.tessier@etudiant.univ-rennes1.fr;2021-10-27;2021-10-27;20.5;2022
2319635;Jean-Maurice;RAGUENEAU;H;jean-maurice.ragueneau@etudiant.univ-rennes1.fr;2021-10-24;2021-10-24;20.5;2022
4244014;Thiery;LECLAIR;M;thiery.leclair@etudiant.univ-rennes1.fr;2021-09-18;2021-09-18;20.5;2022
8466471;Augustin;NOURRY;M;augustin.nourry@etudiant.univ-rennes1.fr;2021-09-20;2021-10-20;20.5;2022
8573060;Khadija;DOLLET;fille;khadija.dollet@etudiant.univ-rennes1.fr;2021-10-24;2021-10-24;20.5;2022
5855802;Franca;PLUMEJEAU;F;franca.plumejeau@etudiant.univ-rennes1.fr;2021-09-26;2021-09-26;20.5;2022
2708101;Jean-Marie;TAVEAU;garçon;jean-marie.taveau@etudiant.univ-rennes1.fr;2021-10-07;2021-11-06;20.5;2022
4988197;Dorothee;FEVRIER;F;dorothee.fevrier@etudiant.univ-rennes1.fr;2021-10-11;2021-10-11;20.5;2022
93782;Suzanne;AUBRY;H;suzanne.aubry@etudiant.univ-rennes1.fr;2021-10-11;2021-11-10;20.5;2022
8156351;Eugène;ANDRE;M;eugene.andre@etudiant.univ-rennes1.fr;2021-09-26;2021-09-26;20.5;2022
5749366;Marie-Angèle;RIVRON;W;marie-angele.rivron@etudiant.univ-rennes1.fr;2021-09-23;2021-10-23;20.5;2022
4049619;Anne-Charlotte;TURPIN;W;anne-charlotte.turpin@etudiant.univ-rennes1.fr;2021-09-29;2021-09-29;20.5;2022
8018418;Marianne;GALLET;M;marianne.gallet@etudiant.univ-rennes1.fr;2021-10-14;2021-10-14;20.5;2022
4226631;Thierry;MIGNOT;M;thierry.mignot@etudiant.univ-rennes1.fr;2021-09-16;2021-09-16;20.5;2022
6032026;Guylène;MORIN;F;guylene.morin@etudiant.univ-rennes1.fr;2021-10-05;2021-11-04;20.5;2022
9921861;Sylvestre;DEVY;H;sylvestre.devy@etudiant.univ-rennes1.fr;2021-10-04;2021-11-03;20.5;2022
5224127;Ernestine;BELANGER;F;ernestine.belanger@etudiant.univ-rennes1.fr;2021-09-18;2021-10-18;20.5;2022
4022307;Corine;HOMER;fille;corine.homer@etudiant.univ-rennes1.fr;2021-10-01;2021-10-01;20.5;2022
9629022;Cendrine;BOURBON;fille;cendrine.bourbon@etudiant.univ-rennes1.fr;2021-09-23;2021-09-23;20.5;2022
378085;Prosper;HUCHON;H;prosper.huchon@etudiant.univ-rennes1.fr;2021-10-02;2021-10-02;20.5;2022
7183635;Marie-Jeanne;DUBREUIL;garçon;marie-jeanne.dubreuil@etudiant.univ-rennes1.fr;2021-09-22;2021-10-22;20.5;2022
8667146;Jeremy;AUBINEAU;H;jeremy.aubineau@etudiant.univ-rennes1.fr;2021-09-30;2021-10-30;20.5;2022
6218844;Meriem;CHUDEAU;W;meriem.chudeau@etudiant.univ-rennes1.fr;2021-10-22;2021-10-22;20.5;2022
8449224;Ahmed;LHERMITEAU;H;ahmed.lhermiteau@etudiant.univ-rennes1.fr;2021-10-15;2021-10-15;20.5;2022
6066463;Janick;COUDERT;W;janick.coudert@etudiant.univ-rennes1.fr;2021-10-20;2021-11-19;20.5;2022
7367140;Joël;GRIFFON;fille;joel.griffon@etudiant.univ-rennes1.fr;2021-09-17;2021-09-17;20.5;2022
5654485;Rachel;CLAUDE;M;rachel.claude@etudiant.univ-rennes1.fr;2021-09-22;2021-09-22;20.5;2022
6223280;Martial;FRETTE;M;martial.frette@etudiant.univ-rennes1.fr;2021-09-26;2021-09-26;20.5;2022
9754036;Dorothée;BIENVENU;W;dorothee.bienvenu@etudiant.univ-rennes1.fr;2021-09-28;2021-10-28;20.5;2022
7279332;Lorène;TREMBLAY;W;lorene.tremblay@etudiant.univ-rennes1.fr;2021-10-10;2021-10-10;20.5;2022
8559938;Rose-May;CRESPIN;W;rose-may.crespin@etudiant.univ-rennes1.fr;2021-10-13;2021-11-12;20.5;2022
8298694;Diego;PETIT;H;diego.petit@etudiant.univ-rennes1.fr;2021-09-22;2021-09-22;20.5;2022
8113264;Georges;TRICOT;garçon;georges.tricot@etudiant.univ-rennes1.fr;2021-09-27;2021-09-27;20.5;2022
7469007;Stephane;UZUREAU;garçon;stephane.uzureau@etudiant.univ-rennes1.fr;2021-09-22;2021-09-22;20.5;2022
3060112;Guilhem;DELAPORTE;garçon;guilhem.delaporte@etudiant.univ-rennes1.fr;2021-10-20;2021-10-20;20.5;2022
9325041;Magalie;BAZANTE;F;magalie.bazante@etudiant.univ-rennes1.fr;2021-09-24;2021-10-24;20.5;2022
3614841;Jeanne Marie;HERY;F;jeanne marie.hery@etudiant.univ-rennes1.fr;2021-10-09;2021-10-09;20.5;2022
7095740;Flora;HUBAULT;fille;flora.hubault@etudiant.univ-rennes1.fr;2021-10-23;2021-11-22;20.5;2022
660365;Annabel;CROSNIER;fille;annabel.crosnier@etudiant.univ-rennes1.fr;2021-10-26;;20.5;2022
3339188;Marie-Elisabeth;VIVION;W;marie-elisabeth.vivion@etudiant.univ-rennes1.fr;2021-09-18;2021-09-18;20.5;2022
5810703;Severine;REBONDY;W;severine.rebondy@etudiant.univ-rennes1.fr;2021-10-16;2021-10-16;20.5;2022
3826518;Gina;BELANGER;W;gina.belanger@etudiant.univ-rennes1.fr;2021-10-06;;20.5;2022
2883408;Fernando;BENARD;M;fernando.benard@etudiant.univ-rennes1.fr;2021-10-13;2021-10-13;20.5;2022
9437095;Werner;HULLIN;M;werner.hullin@etudiant.univ-rennes1.fr;2021-09-16;2021-09-16;20.5;2022
5744405;Lisette;JOURDAIN;fille;lisette.jourdain@etudiant.univ-rennes1.fr;2021-09-25;2021-09-25;20.5;2022
9405837;Marinette;JURET;W;marinette.juret@etudiant.univ-rennes1.fr;2021-10-18;2021-10-18;20.5;2022
3500040;Frédérique;EVAIN;fille;frederique.evain@etudiant.univ-rennes1.fr;2021-10-05;2021-11-04;20.5;2022
5679002;Solenne;BLANCHARD;W;solenne.blanchard@etudiant.univ-rennes1.fr;2021-10-26;2021-11-25;20.5;2022
9094742;Thérèse-Marie;THOMAS;F;therese-marie.thomas@etudiant.univ-rennes1.fr;2021-09-20;2021-09-20;20.5;2022
7489903;Davy;ALEXANDRE;M;davy.alexandre@etudiant.univ-rennes1.fr;2021-09-24;2021-09-24;20.5;2022
9413847;Tamara;CHOLET;fille;tamara.cholet@etudiant.univ-rennes1.fr;2021-09-23;2021-10-23;20.5;2022
7311187;Hugo;DESHAYES;M;hugo.deshayes@etudiant.univ-rennes1.fr;2021-10-12;2021-10-12;20.5;2022
8203047;Désiré;POTTIER;H;desire.pottier@etudiant.univ-rennes1.fr;2021-10-24;2021-10-24;20.5;2022
5928897;Assia;TELLIER;F;assia.tellier@etudiant.univ-rennes1.fr;2021-09-20;;20.5;2022
8687526;Sylvine;CHEVET;W;sylvine.chevet@etudiant.univ-rennes1.fr;2021-10-05;2021-10-05;20.5;2022
3411639;Annaïck;CRETIN;F;annaick.cretin@etudiant.univ-rennes1.fr;2021-10-21;2021-11-20;20.5;2022
8516750;Irénée;DEVEAU;garçon;irenee.deveau@etudiant.univ-rennes1.fr;2021-10-10;2021-11-09;20.5;2022
5352488;Pauline;JOLIVET;F;pauline.jolivet@etudiant.univ-rennes1.fr;2021-10-08;2021-10-08;20.5;2022
7101049;Daniela;DINAND;fille;daniela.dinand@etudiant.univ-rennes1.fr;2021-10-18;2021-11-17;20.5;2022
6359723;Axel;POITOU;garçon;axel.poitou@etudiant.univ-rennes1.fr;2021-09-28;2021-10-28;20.5;2022
982945;Romaric;ESNARD;M;romaric.esnard@etudiant.univ-rennes1.fr;2021-10-17;2021-11-16;20.5;2022
9428129;Florine;DUBIN;F;florine.dubin@etudiant.univ-rennes1.fr;2021-10-22;2021-11-21;20.5;2022
5633652;Jerôme;FLECHEAU;M;jerome.flecheau@etudiant.univ-rennes1.fr;2021-10-22;2021-10-22;20.5;2022
6976364;Juliana;BRECHETEAU;fille;juliana.brecheteau@etudiant.univ-rennes1.fr;2021-09-27;2021-09-27;20.5;2022
9480248;Nathalie;HAYER;H;nathalie.hayer@etudiant.univ-rennes1.fr;2021-10-20;2021-11-19;20.5;2022
9034456;Arnold;COUTAND;H;arnold.coutand@etudiant.univ-rennes1.fr;2021-10-22;2021-10-22;20.5;2022
3767273;Flavienne;ALLARD;F;flavienne.allard@etudiant.univ-rennes1.fr;2021-09-15;2021-09-15;20.5;2022
8710431;Richard;BLUTEAU;M;richard.bluteau@etudiant.univ-rennes1.fr;2021-10-05;2021-10-05;20.5;2022
7662077;Gianni;BARBARIN;M;gianni.barbarin@etudiant.univ-rennes1.fr;2021-09-17;2021-09-17;20.5;2022
2038955;Roger;BOURSIER;garçon;roger.boursier@etudiant.univ-rennes1.fr;2021-10-14;2021-10-14;20.5;2022
2838672;Armel;BOCHEREAU;H;armel.bochereau@etudiant.univ-rennes1.fr;2021-09-28;2021-10-28;20.5;2022
6159800;Daniel;LETOURNEAU;garçon;daniel.letourneau@etudiant.univ-rennes1.fr;2021-10-20;2021-10-20;20.5;2022
4280311;Claire;COSNARD;garçon;claire.cosnard@etudiant.univ-rennes1.fr;2021-09-27;2021-10-27;20.5;2022
3703398;Dalila;LEMAITRE;W;dalila.lemaitre@etudiant.univ-rennes1.fr;2021-10-02;2021-10-02;20.5;2022
8175073;Maggy;FRAPPREAU;F;maggy.frappreau@etudiant.univ-rennes1.fr;2021-09-26;2021-09-26;20.5;2022
519831;Kathy;SALE;F;kathy.sale@etudiant.univ-rennes1.fr;2021-09-18;2021-10-18;20.5;2022
9535159;Louis;DESBOIS;M;louis.desbois@etudiant.univ-rennes1.fr;2021-09-26;2021-09-26;20.5;2022
6274814;Marie-Pierre;CAILLE;H;marie-pierre.caille@etudiant.univ-rennes1.fr;2021-09-23;2021-10-23;20.5;2022
7094369;Laurence;TURPAULT;fille;laurence.turpault@etudiant.univ-rennes1.fr;2021-10-03;2021-10-03;20.5;2022
2179736;Joël;BREAU;fille;joel.breau@etudiant.univ-rennes1.fr;2021-09-14;2021-09-14;20.5;2022
3049600;Quentin;AVRILLON;H;quentin.avrillon@etudiant.univ-rennes1.fr;2021-10-27;2021-10-27;20.5;2022
9598109;Marie-Rose;LANGE;fille;marie-rose.lange@etudiant.univ-rennes1.fr;2021-10-03;;20.5;2022
9874366;Marie Françoise;BOURDAIS;W;marie francoise.bourdais@etudiant.univ-rennes1.fr;2021-10-04;2021-10-04;20.5;2022
254339;Omar;BODIN;garçon;omar.bodin@etudiant.univ-rennes1.fr;2021-10-10;2021-10-10;20.5;2022
9094168;Sylvian;THOREAU;M;sylvian.thoreau@etudiant.univ-rennes1.fr;2021-09-20;2021-09-20;20.5;2022
4430853;Pierre;DAVY;garçon;pierre.davy@etudiant.univ-rennes1.fr;2021-09-28;2021-09-28;20.5;2022
5974057;Valéry;GUICHARD;M;valery.guichard@etudiant.univ-rennes1.fr;2021-09-28;2021-10-28;20.5;2022
1321828;Bernard;SAUVAGET;H;bernard.sauvaget@etudiant.univ-rennes1.fr;2021-09-19;2021-09-19;20.5;2022
2581714;Claudine;ROBICHON;garçon;claudine.robichon@etudiant.univ-rennes1.fr;2021-10-01;2021-10-31;20.5;2022
519158;Martin;MARCEAU;H;martin.marceau@etudiant.univ-rennes1.fr;2021-10-22;2021-10-22;20.5;2022
2643998;Marie-Neige;EVEILLARD;F;marie-neige.eveillard@etudiant.univ-rennes1.fr;2021-10-13;2021-10-13;20.5;2022
7066039;Jean Paul;GUIMBRETIERE;garçon;jean paul.guimbretiere@etudiant.univ-rennes1.fr;2021-10-20;2021-10-20;20.5;2022
2711330;Francisque;BLUTEAU;H;francisque.bluteau@etudiant.univ-rennes1.fr;2021-10-19;2021-10-19;20.5;2022
7967859;Marie-Danielle;ETIENNE;F;marie-danielle.etienne@etudiant.univ-rennes1.fr;2021-10-01;2021-10-01;20.5;2022
5620513;Marie Claude;CAILLEAUD;W;marie claude.cailleaud@etudiant.univ-rennes1.fr;2021-10-10;2021-10-10;20.5;2022
1673058;Marie Renée;GATE;W;marie renee.gate@etudiant.univ-rennes1.fr;2021-09-17;2021-09-17;20.5;2022
6657126;Elvis;RABINEAU;H;elvis.rabineau@etudiant.univ-rennes1.fr;2021-09-23;2021-09-23;20.5;2022
361092;Jean-Lou;LEAU;M;jean-lou.leau@etudiant.univ-rennes1.fr;2021-10-07;2021-11-06;20.5;2022
6939093;Angéla;PLESSIS;F;angela.plessis@etudiant.univ-rennes1.fr;2021-10-06;2021-10-06;20.5;2022
9440070;Samir;SUROT;H;samir.surot@etudiant.univ-rennes1.fr;2021-10-22;2021-11-21;20.5;2022
8186899;Rebecca;BREAU;fille;rebecca.breau@etudiant.univ-rennes1.fr;2021-09-27;2021-09-27;20.5;2022
1691150;Eric;CLENET;M;eric.clenet@etudiant.univ-rennes1.fr;2021-10-21;2021-11-20;20.5;2022
9876669;Gaetan;LAMOUREUX;garçon;gaetan.lamoureux@etudiant.univ-rennes1.fr;2021-10-02;2021-11-01;20.5;2022
5033619;Driss;CHARPENTIER;H;driss.charpentier@etudiant.univ-rennes1.fr;2021-10-26;2021-10-26;20.5;2022
2104286;Marie-Caroline;LEMAITRE;F;marie-caroline.lemaitre@etudiant.univ-rennes1.fr;2021-09-30;2021-09-30;20.5;2022
6606927;Salima;GUILBAULT;fille;salima.guilbault@etudiant.univ-rennes1.fr;2021-10-26;2021-10-26;20.5;2022
4296479;Saliha;BOISNAULT;W;saliha.boisnault@etudiant.univ-rennes1.fr;2021-10-03;;20.5;2022
6532698;Adeline;HOUET;fille;adeline.houet@etudiant.univ-rennes1.fr;2021-09-16;2021-10-16;20.5;2022
738600;Rodolphe;LUMINEAU;H;rodolphe.lumineau@etudiant.univ-rennes1.fr;2021-09-26;2021-10-26;20.5;2022
6112233;Jean Charles;RAHARD;H;jean charles.rahard@etudiant.univ-rennes1.fr;2021-10-12;2021-11-11;20.5;2022
1212318;Pierre Louis;BAUDON;garçon;pierre louis.baudon@etudiant.univ-rennes1.fr;2021-09-18;2021-10-18;20.5;2022
3900634;Saadia;GAULT;W;saadia.gault@etudiant.univ-rennes1.fr;2021-09-21;2021-10-21;20.5;2022
5676653;Renaud;BOUIN;H;renaud.bouin@etudiant.univ-rennes1.fr;2021-09-15;;20.5;2022
4480087;Adam;GOHIER;garçon;adam.gohier@etudiant.univ-rennes1.fr;2021-10-02;2021-11-01;20.5;2022
9232177;Mathieu;BONDU;garçon;mathieu.bondu@etudiant.univ-rennes1.fr;2021-10-19;2021-10-19;20.5;2022
8449746;Salah;HUPONT;H;salah.hupont@etudiant.univ-rennes1.fr;2021-09-28;2021-09-28;20.5;2022
5491107;Rodrigue;JOUANNEAU;H;rodrigue.jouanneau@etudiant.univ-rennes1.fr;2021-10-19;2021-10-19;20.5;2022
5500184;Christianne;BIOTTEAU;W;christianne.biotteau@etudiant.univ-rennes1.fr;2021-09-12;2021-09-12;20.5;2022
7505370;Félicie;BORDEAU;F;felicie.bordeau@etudiant.univ-rennes1.fr;2021-10-09;2021-10-09;20.5;2022
9149537;Edward;FUZEAU;H;edward.fuzeau@etudiant.univ-rennes1.fr;2021-09-27;2021-09-27;20.5;2022
6655783;Zineb;ALGOURDIN;W;zineb.algourdin@etudiant.univ-rennes1.fr;2021-10-21;2021-10-21;20.5;2022
137467;Jean-Lucien;LEVESQUE;H;jean-lucien.levesque@etudiant.univ-rennes1.fr;2021-10-25;2021-10-25;20.5;2022
5431327;Moise;LORRE;M;moise.lorre@etudiant.univ-rennes1.fr;2021-10-24;2021-11-23;20.5;2022
4239962;Conchita;SUTEAU;fille;conchita.suteau@etudiant.univ-rennes1.fr;2021-10-12;2021-10-12;20.5;2022
1653783;Erick;RUEL;garçon;erick.ruel@etudiant.univ-rennes1.fr;2021-10-16;;20.5;2022
8446594;Alexia;CHAIGNEAU;fille;alexia.chaigneau@etudiant.univ-rennes1.fr;2021-10-27;2021-10-27;20.5;2022
8347453;Régine;GEORGET;M;regine.georget@etudiant.univ-rennes1.fr;2021-09-22;2021-09-22;20.5;2022
2571528;Samira;CHAUVIERE;W;samira.chauviere@etudiant.univ-rennes1.fr;2021-10-09;2021-11-08;20.5;2022
3532542;Linda;CIROT;F;linda.cirot@etudiant.univ-rennes1.fr;2021-09-13;2021-10-13;20.5;2022
8788150;Elizabeth;PERRAULT;F;elizabeth.perrault@etudiant.univ-rennes1.fr;2021-10-08;2021-10-08;20.5;2022
2385670;Marie Dominique;BEUROIS;F;marie dominique.beurois@etudiant.univ-rennes1.fr;2021-09-29;2021-09-29;20.5;2022
9828995;Christophe;BARRAUD;W;christophe.barraud@etudiant.univ-rennes1.fr;2021-09-22;2021-09-22;20.5;2022
6638000;David;JADAUD;fille;david.jadaud@etudiant.univ-rennes1.fr;2021-09-12;;20.5;2022
1963506;Vivien;RELION;garçon;vivien.relion@etudiant.univ-rennes1.fr;2021-10-21;2021-10-21;20.5;2022
2466003;Leon;SOULARD;garçon;leon.soulard@etudiant.univ-rennes1.fr;2021-09-30;2021-09-30;20.5;2022
1946716;Romaric;CHOQUET;garçon;romaric.choquet@etudiant.univ-rennes1.fr;2021-09-15;2021-09-15;20.5;2022
9893872;Donat;ABELLARD;H;donat.abellard@etudiant.univ-rennes1.fr;2021-10-06;2021-10-06;20.5;2022
1094114;Anne-Yvonne;DELAGE;F;anne-yvonne.delage@etudiant.univ-rennes1.fr;2021-09-14;2021-09-14;20.5;2022
7404021;Gervais;MORIN;M;gervais.morin@etudiant.univ-rennes1.fr;2021-09-14;2021-10-14;20.5;2022
3122629;Gautier;DELAPORTE;garçon;gautier.delaporte@etudiant.univ-rennes1.fr;2021-09-25;2021-10-25;20.5;2022
3530514;Helen;RABINEAU;F;helen.rabineau@etudiant.univ-rennes1.fr;2022-10-15;2022-10-15;25.5;2023
7208231;Florian;COEFFARD;M;florian.coeffard@etudiant.univ-rennes1.fr;2022-10-23;2022-11-22;25.5;2023
3911039;Christiane;LE GOFF;W;christiane.le goff@etudiant.univ-rennes1.fr;2022-10-21;;25.5;2023
5876984;Jacob;ROUSSIERE;garçon;jacob.roussiere@etudiant.univ-rennes1.fr;2022-09-29;2022-09-29;25.5;2023
3349644;Carinne;BABARIT;F;carinne.babarit@etudiant.univ-rennes1.fr;2022-10-12;2022-10-12;25.5;2023
2321657;Léonie;RELION;F;leonie.relion@etudiant.univ-rennes1.fr;2022-10-17;2022-11-16;25.5;2023
2357186;Marie-Helene;COUVREUR;W;marie-helene.couvreur@etudiant.univ-rennes1.fr;2022-09-27;2022-09-27;25.5;2023
4265828;Denis;HODE;fille;denis.hode@etudiant.univ-rennes1.fr;2022-09-29;2022-09-29;25.5;2023
2665152;Marie Odile;REVEILLERE;W;marie odile.reveillere@etudiant.univ-rennes1.fr;2022-09-15;2022-09-15;25.5;2023
4583291;Suzy;COSNARD;fille;suzy.cosnard@etudiant.univ-rennes1.fr;2022-10-09;2022-10-09;25.5;2023
6060655;Gina;GUILLEMET;fille;gina.guillemet@etudiant.univ-rennes1.fr;2022-10-22;2022-11-21;25.5;2023
1663442;Théodore;BOMARD;garçon;theodore.bomard@etudiant.univ-rennes1.fr;2022-10-18;2022-11-17;25.5;2023
1372826;Guy-Marie;FREMY;H;guy-marie.fremy@etudiant.univ-rennes1.fr;2022-09-18;2022-09-18;25.5;2023
1125045;Chantale;ROGER;W;chantale.roger@etudiant.univ-rennes1.fr;2022-10-14;2022-10-14;25.5;2023
5991458;Chrystele;DUBOIS;F;chrystele.dubois@etudiant.univ-rennes1.fr;2022-10-04;2022-10-04;25.5;2023
1470462;Mohamed;DOUCET;H;mohamed.doucet@etudiant.univ-rennes1.fr;2022-10-26;2022-11-25;25.5;2023
400929;Vincenzo;EDIN;H;vincenzo.edin@etudiant.univ-rennes1.fr;2022-10-13;2022-10-13;25.5;2023
1942196;Constantin;LIZE;H;constantin.lize@etudiant.univ-rennes1.fr;2022-10-06;2022-11-05;25.5;2023
1548313;Claude;PAULEAU;F;claude.pauleau@etudiant.univ-rennes1.fr;2022-10-14;;25.5;2023
6370815;Marie-Josee;FRADIN;W;marie-josee.fradin@etudiant.univ-rennes1.fr;2022-10-11;2022-10-11;25.5;2023
5905613;Fany;LE ROY;W;fany.le roy@etudiant.univ-rennes1.fr;2022-10-20;2022-10-20;25.5;2023
7812504;Steeve;LUCAS;H;steeve.lucas@etudiant.univ-rennes1.fr;2022-09-22;2022-10-22;25.5;2023
4309490;Frédéric;BASLE;W;frederic.basle@etudiant.univ-rennes1.fr;2022-09-15;2022-09-15;25.5;2023
6987488;Lise-Marie;BEAUMIER;W;lise-marie.beaumier@etudiant.univ-rennes1.fr;2022-10-23;2022-10-23;25.5;2023
9060073;Gilbert;MARQUET;M;gilbert.marquet@etudiant.univ-rennes1.fr;2022-10-16;2022-10-16;25.5;2023
9419081;Arnauld;MESNARD;garçon;arnauld.mesnard@etudiant.univ-rennes1.fr;2022-10-08;2022-10-08;25.5;2023
1865983;Jean-Léon;CHEREAU;H;jean-leon.chereau@etudiant.univ-rennes1.fr;2022-10-01;2022-10-01;25.5;2023
4142842;Jean-José;BONNEAU;M;jean-jose.bonneau@etudiant.univ-rennes1.fr;2022-10-05;2022-10-05;25.5;2023
4143600;Santiago;HURTAUD;M;santiago.hurtaud@etudiant.univ-rennes1.fr;2022-09-20;2022-09-20;25.5;2023
2184742;Halima;CHALLIER;fille;halima.challier@etudiant.univ-rennes1.fr;2022-09-19;2022-09-19;25.5;2023
7997977;Eva;SORIN;fille;eva.sorin@etudiant.univ-rennes1.fr;2022-09-25;2022-09-25;25.5;2023
1562758;Pascaline;DUPONT;W;pascaline.dupont@etudiant.univ-rennes1.fr;2022-10-13;2022-11-12;25.5;2023
2492393;Moussa;LEMOINE;H;moussa.lemoine@etudiant.univ-rennes1.fr;2022-09-14;2022-10-14;25.5;2023
3552069;Francisco;BIEMON;H;francisco.biemon@etudiant.univ-rennes1.fr;2022-09-24;2022-10-24;25.5;2023
3654631;Noëlle;BLOT;M;noelle.blot@etudiant.univ-rennes1.fr;2022-09-18;2022-09-18;25.5;2023
6690661;Flavie;BEAUPERIN;fille;flavie.beauperin@etudiant.univ-rennes1.fr;2022-09-28;2022-09-28;25.5;2023
3770467;René-Claude;MEIGNANT;M;rene-claude.meignant@etudiant.univ-rennes1.fr;2022-10-14;2022-11-13;25.5;2023
6555383;Bruce;BEAUFRETON;garçon;bruce.beaufreton@etudiant.univ-rennes1.fr;2022-09-11;2022-09-11;25.5;2023
3273815;John;RIVAULT;garçon;john.rivault@etudiant.univ-rennes1.fr;2022-09-14;2022-10-14;25.5;2023
3806289;Frédérique;MOREAU;W;frederique.moreau@etudiant.univ-rennes1.fr;2022-09-23;2022-09-23;25.5;2023
5668218;Gildas;LIBAUD;garçon;gildas.libaud@etudiant.univ-rennes1.fr;2022-10-06;2022-10-06;25.5;2023
5547837;Guilaine;PICHONNEAU;fille;guilaine.pichonneau@etudiant.univ-rennes1.fr;2022-10-11;2022-10-11;25.5;2023
7272063;Valérie;MAILLOCHON;fille;valerie.maillochon@etudiant.univ-rennes1.fr;2022-09-11;2022-09-11;25.5;2023
5421882;Pierre Louis;PRIEUR;H;pierre louis.prieur@etudiant.univ-rennes1.fr;2022-10-07;2022-10-07;25.5;2023
5902875;Olivier;MAHE;M;olivier.mahe@etudiant.univ-rennes1.fr;2022-10-23;2022-10-23;25.5;2023
2598785;Marie-Josée;COULONNIER;fille;marie-josee.coulonnier@etudiant.univ-rennes1.fr;2022-10-11;2022-10-11;25.5;2023
3043614;Dany;LIGER;H;dany.liger@etudiant.univ-rennes1.fr;2022-09-16;2022-10-16;25.5;2023
7035795;Bénédicte;ETOURNEUX;garçon;benedicte.etourneux@etudiant.univ-rennes1.fr;2022-10-09;2022-10-09;25.5;2023
1841688;Anne-Yvonne;BITEAU;W;anne-yvonne.biteau@etudiant.univ-rennes1.fr;2022-09-20;2022-09-20;25.5;2023
8354927;Jean-Georges;LEPAGE;H;jean-georges.lepage@etudiant.univ-rennes1.fr;2022-09-28;2022-09-28;25.5;2023
9377131;Elio;LEROUX;M;elio.leroux@etudiant.univ-rennes1.fr;2022-09-22;2022-10-22;25.5;2023
8889641;Salah;GAILLARD;garçon;salah.gaillard@etudiant.univ-rennes1.fr;2022-09-20;2022-10-20;25.5;2023
5106993;Marie-Amélie;DELORME;F;marie-amelie.delorme@etudiant.univ-rennes1.fr;2022-10-09;2022-10-09;25.5;2023
4434849;Gisèle;ANDRAULT;W;gisele.andrault@etudiant.univ-rennes1.fr;2022-10-11;2022-10-11;25.5;2023
8623571;Kheira;ROTUREAU;W;kheira.rotureau@etudiant.univ-rennes1.fr;2022-10-24;2022-10-24;25.5;2023
2904145;Djamila;CHEVRIER;W;djamila.chevrier@etudiant.univ-rennes1.fr;2022-10-25;2022-10-25;25.5;2023
2464497;Maggy;LELIEVRE;fille;maggy.lelievre@etudiant.univ-rennes1.fr;2022-10-12;2022-10-12;25.5;2023
1119943;Maude;ALGOURDIN;fille;maude.algourdin@etudiant.univ-rennes1.fr;2022-10-09;2022-11-08;25.5;2023
3479955;Marie-Elisabeth;RAVARY;F;marie-elisabeth.ravary@etudiant.univ-rennes1.fr;2022-10-15;2022-10-15;25.5;2023
1898596;Keith;BUROT;H;keith.burot@etudiant.univ-rennes1.fr;2022-09-20;2022-09-20;25.5;2023
6507216;Paul-André;LEFEVRE;H;paul-andre.lefevre@etudiant.univ-rennes1.fr;2022-10-12;2022-11-11;25.5;2023
2506071;Anne-Claire;JADEAU;fille;anne-claire.jadeau@etudiant.univ-rennes1.fr;2022-10-17;2022-10-17;25.5;2023
5089004;Vincenza;DELAHAIE;fille;vincenza.delahaie@etudiant.univ-rennes1.fr;2022-10-24;2022-10-24;25.5;2023
6802351;Muguette;MONNIER;W;muguette.monnier@etudiant.univ-rennes1.fr;2022-10-05;2022-10-05;25.5;2023
2206687;Marie Paule;GODEFROY;F;marie paule.godefroy@etudiant.univ-rennes1.fr;2022-10-03;2022-10-03;25.5;2023
15560;Astride;MAROLLEAU;F;astride.marolleau@etudiant.univ-rennes1.fr;2022-10-13;2022-10-13;25.5;2023
4478217;Bénédicte;BOUHIRON;W;benedicte.bouhiron@etudiant.univ-rennes1.fr;2022-10-18;2022-10-18;25.5;2023
2892019;Fatima;PONTONNIER;W;fatima.pontonnier@etudiant.univ-rennes1.fr;2022-10-22;2022-10-22;25.5;2023
1663405;Lilianne;BUCHER;F;lilianne.bucher@etudiant.univ-rennes1.fr;2022-09-28;2022-09-28;25.5;2023
9976281;Jean-Richard;RAPICAULT;M;jean-richard.rapicault@etudiant.univ-rennes1.fr;2022-09-29;2022-09-29;25.5;2023
1710322;Siegfried;GRANDIN;H;siegfried.grandin@etudiant.univ-rennes1.fr;2022-10-21;2022-10-21;25.5;2023
3805079;Antonin;CHESNE;garçon;antonin.chesne@etudiant.univ-rennes1.fr;2022-10-23;2022-10-23;25.5;2023
2854528;Yannik;MANDIN;garçon;yannik.mandin@etudiant.univ-rennes1.fr;2022-10-21;2022-10-21;25.5;2023
3615984;Corinne;SAVARIT;H;corinne.savarit@etudiant.univ-rennes1.fr;2022-10-23;2022-10-23;25.5;2023
7970054;Soraya;BRECHET;F;soraya.brechet@etudiant.univ-rennes1.fr;2022-09-24;2022-09-24;25.5;2023
5261469;Veronique;PAVIE;fille;veronique.pavie@etudiant.univ-rennes1.fr;2022-09-28;2022-09-28;25.5;2023
1946951;Ladislas;LIBAUD;garçon;ladislas.libaud@etudiant.univ-rennes1.fr;2022-10-04;2022-10-04;25.5;2023
3228023;Gaël;BOUGET;garçon;gael.bouget@etudiant.univ-rennes1.fr;2022-09-22;;25.5;2023
583497;Gaelle;MAHOT;fille;gaelle.mahot@etudiant.univ-rennes1.fr;2022-09-13;2022-09-13;25.5;2023
8826644;Marguerite;RAPICAULT;F;marguerite.rapicault@etudiant.univ-rennes1.fr;2022-09-30;2022-09-30;25.5;2023
1954763;Emile;RICHER;H;emile.richer@etudiant.univ-rennes1.fr;2022-10-08;2022-10-08;25.5;2023
6804773;Aurélien;HOMER;garçon;aurelien.homer@etudiant.univ-rennes1.fr;2022-10-21;2022-10-21;25.5;2023
7327945;Dolorès;GAUGAIN;fille;dolores.gaugain@etudiant.univ-rennes1.fr;2022-10-08;2022-10-08;25.5;2023
1535695;Monique;HARDOUIN;garçon;monique.hardouin@etudiant.univ-rennes1.fr;2022-10-05;2022-10-05;25.5;2023
9365834;Marie-Charlotte;PRUD HOMME;W;marie-charlotte.prud homme@etudiant.univ-rennes1.fr;2022-10-18;;25.5;2023
9396096;Claude;MAROT;F;claude.marot@etudiant.univ-rennes1.fr;2022-10-05;2022-11-04;25.5;2023
9179052;Georgette;SALLE;garçon;georgette.salle@etudiant.univ-rennes1.fr;2022-09-19;2022-09-19;25.5;2023
7777355;Marie-Hélène;BENETEAU;garçon;marie-helene.beneteau@etudiant.univ-rennes1.fr;2022-10-17;2022-10-17;25.5;2023
2385208;Bertille;MOUILLE;W;bertille.mouille@etudiant.univ-rennes1.fr;2022-10-09;2022-11-08;25.5;2023
3654438;Walter;LAVENIER;H;walter.lavenier@etudiant.univ-rennes1.fr;2022-10-17;2022-10-17;25.5;2023
9710923;Yannick;VEAU;F;yannick.veau@etudiant.univ-rennes1.fr;2022-09-16;2022-09-16;25.5;2023
8024999;Pierre-Michel;LOISON;M;pierre-michel.loison@etudiant.univ-rennes1.fr;2022-10-06;2022-10-06;25.5;2023
912013;Bénédicte;CARRE;garçon;benedicte.carre@etudiant.univ-rennes1.fr;2022-10-10;2022-10-10;25.5;2023
860488;Malou;PIFFARD;fille;malou.piffard@etudiant.univ-rennes1.fr;2022-10-18;2022-10-18;25.5;2023
785189;Philippe;POINTEAU;M;philippe.pointeau@etudiant.univ-rennes1.fr;2022-09-26;2022-09-26;25.5;2023
9061188;Omar;BERTAUD;H;omar.bertaud@etudiant.univ-rennes1.fr;2022-10-05;2022-10-05;25.5;2023
9585535;Félicie;SOULARD;fille;felicie.soulard@etudiant.univ-rennes1.fr;2022-09-14;2022-09-14;25.5;2023
8486227;Marie-Michèle;PERRAULT;fille;marie-michele.perrault@etudiant.univ-rennes1.fr;2022-09-18;2022-10-18;25.5;2023
4049986;Natalie;MILLERAND;F;natalie.millerand@etudiant.univ-rennes1.fr;2022-09-27;;25.5;2023
1542780;Peggy;GENDRY;W;peggy.gendry@etudiant.univ-rennes1.fr;2022-09-14;2022-10-14;25.5;2023
4207744;Gaby;PANNEAU;H;gaby.panneau@etudiant.univ-rennes1.fr;2022-10-01;2022-10-01;25.5;2023
1116284;Marian;LEMAITRE;garçon;marian.lemaitre@etudiant.univ-rennes1.fr;2022-10-03;2022-10-03;25.5;2023
7706672;Vivien;CHEVAL;M;vivien.cheval@etudiant.univ-rennes1.fr;2022-09-26;2022-09-26;25.5;2023
4433959;Marie-Helene;NOEL;F;marie-helene.noel@etudiant.univ-rennes1.fr;2022-10-18;2022-10-18;25.5;2023
1884033;Carine;REVEILLERE;F;carine.reveillere@etudiant.univ-rennes1.fr;2022-10-22;2022-10-22;25.5;2023
8387309;Joël;HARDOU;F;joel.hardou@etudiant.univ-rennes1.fr;2022-09-13;2022-10-13;25.5;2023
866293;Lise-Marie;SAUVETRE;W;lise-marie.sauvetre@etudiant.univ-rennes1.fr;2022-10-19;2022-11-18;25.5;2023
9492774;Dorothée;PINARD;fille;dorothee.pinard@etudiant.univ-rennes1.fr;2022-09-15;2022-10-15;25.5;2023
423898;Hafida;BOUGREAU;W;hafida.bougreau@etudiant.univ-rennes1.fr;2022-10-22;2022-10-22;25.5;2023
1175545;Jacki;BEZIE;garçon;jacki.bezie@etudiant.univ-rennes1.fr;2022-09-26;2022-10-26;25.5;2023
494042;Katell;PAYRAUDEAU;F;katell.payraudeau@etudiant.univ-rennes1.fr;2022-10-22;2022-10-22;25.5;2023
8512871;Adeline;PIRONNEAU;W;adeline.pironneau@etudiant.univ-rennes1.fr;2022-09-12;2022-09-12;25.5;2023
1737366;Alvaro;LAMBERT;garçon;alvaro.lambert@etudiant.univ-rennes1.fr;2022-10-20;2022-11-19;25.5;2023
1950948;Marinette;CERISIER;fille;marinette.cerisier@etudiant.univ-rennes1.fr;2022-09-27;2022-09-27;25.5;2023
7761100;Karl;BOUTET;H;karl.boutet@etudiant.univ-rennes1.fr;2022-10-16;2022-10-16;25.5;2023
7009087;Daniela;POILANE;fille;daniela.poilane@etudiant.univ-rennes1.fr;2022-10-11;2022-10-11;25.5;2023
6424608;Marie-Lise;JOUAN;F;marie-lise.jouan@etudiant.univ-rennes1.fr;2022-10-12;2022-10-12;25.5;2023
4121585;Colombe;LENOGUE;fille;colombe.lenogue@etudiant.univ-rennes1.fr;2022-10-21;2022-10-21;25.5;2023
7747843;Julio;COTTIN;M;julio.cottin@etudiant.univ-rennes1.fr;2022-10-06;2022-11-05;25.5;2023
4583912;Clothilde;BACHELOT;F;clothilde.bachelot@etudiant.univ-rennes1.fr;2022-09-23;2022-09-23;25.5;2023
4651705;Raphaële;PROVOST;W;raphaele.provost@etudiant.univ-rennes1.fr;2022-09-24;2022-09-24;25.5;2023
934964;Anny;VOISINE;fille;anny.voisine@etudiant.univ-rennes1.fr;2022-10-21;2022-10-21;25.5;2023
7224833;Mariannick;DERSOIR;F;mariannick.dersoir@etudiant.univ-rennes1.fr;2022-09-29;2022-10-29;25.5;2023
4647388;Pascale;BASSET;fille;pascale.basset@etudiant.univ-rennes1.fr;2022-10-15;2022-10-15;25.5;2023
4017805;Arsène;GALICHET;garçon;arsene.galichet@etudiant.univ-rennes1.fr;2022-10-11;2022-10-11;25.5;2023
8261444;Anick;PICHAUD;W;anick.pichaud@etudiant.univ-rennes1.fr;2022-09-25;2022-09-25;25.5;2023
4884321;Geneviève;BLON;M;genevieve.blon@etudiant.univ-rennes1.fr;2022-10-22;2022-10-22;25.5;2023
5499953;Jim;GACHET;garçon;jim.gachet@etudiant.univ-rennes1.fr;2022-09-21;;25.5;2023
4407803;Mohamed;LACROIX;garçon;mohamed.lacroix@etudiant.univ-rennes1.fr;2022-10-18;2022-10-18;25.5;2023
606392;Cédric;ANDORIN;H;cedric.andorin@etudiant.univ-rennes1.fr;2022-09-25;;25.5;2023
455954;Florian;DIDIER;H;florian.didier@etudiant.univ-rennes1.fr;2022-09-11;2022-10-11;25.5;2023
3079755;Marie-Therese;RIBAULT;W;marie-therese.ribault@etudiant.univ-rennes1.fr;2022-10-17;2022-10-17;25.5;2023
923898;Alban;PERRAY;H;alban.perray@etudiant.univ-rennes1.fr;2022-10-23;2022-11-22;25.5;2023
5568177;Jean-Guillaume;BORDEAU;H;jean-guillaume.bordeau@etudiant.univ-rennes1.fr;2022-10-08;2022-10-08;25.5;2023
3928901;Jluc;DESCHAMPS;H;jluc.deschamps@etudiant.univ-rennes1.fr;2022-10-09;2022-10-09;25.5;2023
3887446;Yolène;FRUCHET;F;yolene.fruchet@etudiant.univ-rennes1.fr;2022-10-06;2022-10-06;25.5;2023
2284632;Jean-Hervé;DA SILVA;H;jean-herve.da silva@etudiant.univ-rennes1.fr;2022-10-03;2022-11-02;25.5;2023
9341406;Joachim;PLUMEJEAU;H;joachim.plumejeau@etudiant.univ-rennes1.fr;2022-09-22;2022-09-22;25.5;2023
1674550;Vivian;HACAULT;garçon;vivian.hacault@etudiant.univ-rennes1.fr;2022-09-16;2022-09-16;25.5;2023
9848855;Lysianne;BEILLARD;fille;lysianne.beillard@etudiant.univ-rennes1.fr;2022-10-09;2022-10-09;25.5;2023
7894397;Jean Maurice;REIGNIER;M;jean maurice.reignier@etudiant.univ-rennes1.fr;2022-10-22;2022-10-22;25.5;2023
9483832;Carmelo;BARBIN;M;carmelo.barbin@etudiant.univ-rennes1.fr;2022-09-12;2022-09-12;25.5;2023
1347587;Josyane;CHEMINEAU;W;josyane.chemineau@etudiant.univ-rennes1.fr;2022-09-15;2022-09-15;25.5;2023
1143837;Sergio;BOURON;garçon;sergio.bouron@etudiant.univ-rennes1.fr;2022-10-11;2022-10-11;25.5;2023
1173540;Karin;GENTILHOMME;W;karin.gentilhomme@etudiant.univ-rennes1.fr;2022-09-20;;25.5;2023
492491;Stéphan;OUVRARD;garçon;stephan.ouvrard@etudiant.univ-rennes1.fr;2022-10-17;2022-10-17;25.5;2023
1032378;Frantz;PREZELIN;M;frantz.prezelin@etudiant.univ-rennes1.fr;2022-10-26;2022-10-26;25.5;2023
1003065;Jean-Frédéric;DAVIAUD;M;jean-frederic.daviaud@etudiant.univ-rennes1.fr;2022-09-11;2022-09-11;25.5;2023
3121003;Marie Line;DESGRE;fille;marie line.desgre@etudiant.univ-rennes1.fr;2022-09-11;2022-10-11;25.5;2023
6124965;Marie Jeanne;RICHE;F;marie jeanne.riche@etudiant.univ-rennes1.fr;2022-09-23;2022-09-23;25.5;2023
6723978;Jean Bernard;BLANCHET;M;jean bernard.blanchet@etudiant.univ-rennes1.fr;2022-09-30;2022-10-30;25.5;2023
1696413;Pierre André;LIZE;M;pierre andre.lize@etudiant.univ-rennes1.fr;2022-09-24;2022-10-24;25.5;2023
7076940;Michele;FAUCHARD;M;michele.fauchard@etudiant.univ-rennes1.fr;2022-09-15;2022-10-15;25.5;2023
7341242;Richard;CRASNIER;garçon;richard.crasnier@etudiant.univ-rennes1.fr;2022-10-26;2022-10-26;25.5;2023
5679520;Ismaël;DIXNEUF;M;ismael.dixneuf@etudiant.univ-rennes1.fr;2022-09-11;2022-09-11;25.5;2023
4167770;Annonciade;GODIN;W;annonciade.godin@etudiant.univ-rennes1.fr;2022-10-06;2022-10-06;25.5;2023
1579065;Francis;LATTE;M;francis.latte@etudiant.univ-rennes1.fr;2022-10-18;2022-10-18;25.5;2023
5564971;Rachida;COUVREUX;F;rachida.couvreux@etudiant.univ-rennes1.fr;2022-10-17;2022-10-17;25.5;2023
8851085;Coralie;LATTE;W;coralie.latte@etudiant.univ-rennes1.fr;2022-10-05;2022-10-05;25.5;2023
36833;Octave;HIVERT;M;octave.hivert@etudiant.univ-rennes1.fr;2022-10-19;2022-10-19;25.5;2023
7779709;Valerie;FRAQUET;H;valerie.fraquet@etudiant.univ-rennes1.fr;2022-10-11;2022-10-11;25.5;2023
7889033;Coralie;CHEVET;W;coralie.chevet@etudiant.univ-rennes1.fr;2022-10-26;2022-11-25;25.5;2023
7908933;Stéphane;BAUDOUIN;M;stephane.baudouin@etudiant.univ-rennes1.fr;2022-10-19;2022-10-19;25.5;2023
7323499;Donald;TISON;garçon;donald.tison@etudiant.univ-rennes1.fr;2022-09-30;2022-10-30;25.5;2023
9302400;Karim;NAULEAU;H;karim.nauleau@etudiant.univ-rennes1.fr;2022-10-06;2022-10-06;25.5;2023
1178592;Christine;PROUST;H;christine.proust@etudiant.univ-rennes1.fr;2022-10-14;2022-10-14;25.5;2023
8132386;Mounir;HERBERT;garçon;mounir.herbert@etudiant.univ-rennes1.fr;2022-10-25;2022-10-25;25.5;2023
6519861;Stephane;PERCHERON;H;stephane.percheron@etudiant.univ-rennes1.fr;2022-10-13;2022-10-13;25.5;2023
9790480;Nordine;GRASSET;M;nordine.grasset@etudiant.univ-rennes1.fr;2022-10-06;2022-10-06;25.5;2023
40525;Renee;HOUDIN;W;renee.houdin@etudiant.univ-rennes1.fr;2022-10-24;2022-10-24;25.5;2023
4424888;Norbert;DELOUCHE;garçon;norbert.delouche@etudiant.univ-rennes1.fr;2022-09-13;2022-09-13;25.5;2023
979747;Suzanne;POUPELIN;fille;suzanne.poupelin@etudiant.univ-rennes1.fr;2022-09-14;2022-09-14;25.5;2023
7298401;Gwenaelle;LAVENIER;F;gwenaelle.lavenier@etudiant.univ-rennes1.fr;2022-10-15;2022-10-15;25.5;2023
127028;Gilda;MENET;fille;gilda.menet@etudiant.univ-rennes1.fr;2022-09-11;2022-10-11;25.5;2023
3859477;Narcisse;DALIFARD;M;narcisse.dalifard@etudiant.univ-rennes1.fr;2022-10-19;2022-10-19;25.5;2023
93782;Suzanne;AUBRY;H;suzanne.aubry@etudiant.univ-rennes1.fr;2022-09-14;2022-09-14;25.5;2023
8156351;Eugène;ANDRE;M;eugene.andre@etudiant.univ-rennes1.fr;2022-10-07;2022-10-07;25.5;2023
5749366;Marie-Angèle;RIVRON;W;marie-angele.rivron@etudiant.univ-rennes1.fr;2022-10-26;2022-10-26;25.5;2023
7875661;Luciano;CHAILLOU;H;luciano.chaillou@etudiant.univ-rennes1.fr;2022-10-02;2022-10-02;25.5;2023
8018418;Marianne;GALLET;M;marianne.gallet@etudiant.univ-rennes1.fr;2022-09-22;2022-09-22;25.5;2023
2400708;Anne-Yvonne;DEHOUX;F;anne-yvonne.dehoux@etudiant.univ-rennes1.fr;2022-10-18;2022-10-18;25.5;2023
4226631;Thierry;MIGNOT;M;thierry.mignot@etudiant.univ-rennes1.fr;2022-10-13;2022-10-13;25.5;2023
9921861;Sylvestre;DEVY;H;sylvestre.devy@etudiant.univ-rennes1.fr;2022-09-30;;25.5;2023
4238144;Jean Christophe;CERIZIER;H;jean christophe.cerizier@etudiant.univ-rennes1.fr;2022-10-12;2022-10-12;25.5;2023
276573;Marie-Noelle;AUMOND;W;marie-noelle.aumond@etudiant.univ-rennes1.fr;2022-09-11;2022-09-11;25.5;2023
5884030;Jean Pierre;JEANNEAU;M;jean pierre.jeanneau@etudiant.univ-rennes1.fr;2022-10-04;2022-10-04;25.5;2023
248790;Isidore;ROSSIGNOL;H;isidore.rossignol@etudiant.univ-rennes1.fr;2022-09-27;2022-10-27;25.5;2023
378085;Prosper;HUCHON;H;prosper.huchon@etudiant.univ-rennes1.fr;2022-10-19;2022-11-18;25.5;2023
7183635;Marie-Jeanne;DUBREUIL;garçon;marie-jeanne.dubreuil@etudiant.univ-rennes1.fr;2022-09-21;2022-09-21;25.5;2023
6218844;Meriem;CHUDEAU;W;meriem.chudeau@etudiant.univ-rennes1.fr;2022-09-26;2022-09-26;25.5;2023
8449224;Ahmed;LHERMITEAU;H;ahmed.lhermiteau@etudiant.univ-rennes1.fr;2022-09-11;2022-10-11;25.5;2023
7476598;Baptiste;LEFEVRE;H;baptiste.lefevre@etudiant.univ-rennes1.fr;2022-09-26;2022-09-26;25.5;2023
7062366;Jeremie;RICOU;H;jeremie.ricou@etudiant.univ-rennes1.fr;2022-09-13;2022-10-13;25.5;2023
9754036;Dorothée;BIENVENU;W;dorothee.bienvenu@etudiant.univ-rennes1.fr;2022-10-15;2022-10-15;25.5;2023
3662800;Ghislène;ALLAIRE;fille;ghislene.allaire@etudiant.univ-rennes1.fr;2022-09-12;2022-09-12;25.5;2023
7279332;Lorène;TREMBLAY;W;lorene.tremblay@etudiant.univ-rennes1.fr;2022-10-07;2022-10-07;25.5;2023
9515545;Claudy;GABORY;F;claudy.gabory@etudiant.univ-rennes1.fr;2022-10-14;2022-10-14;25.5;2023
5148985;Jean-Fred;FRIBAULT;H;jean-fred.fribault@etudiant.univ-rennes1.fr;2022-10-24;2022-10-24;25.5;2023
4082658;Francis;FROUIN;H;francis.frouin@etudiant.univ-rennes1.fr;2022-09-27;2022-10-27;25.5;2023
1978626;Rolande;ROUAULT;F;rolande.rouault@etudiant.univ-rennes1.fr;2022-09-28;2022-09-28;25.5;2023
8113264;Georges;TRICOT;garçon;georges.tricot@etudiant.univ-rennes1.fr;2022-10-09;2022-10-09;25.5;2023
355898;Patricia;GODICHEAU;M;patricia.godicheau@etudiant.univ-rennes1.fr;2022-10-01;2022-10-01;25.5;2023
9849743;Jean-Rémi;GUICHETEAU;garçon;jean-remi.guicheteau@etudiant.univ-rennes1.fr;2022-09-13;2022-09-13;25.5;2023
3355127;Patric;REVAULT;M;patric.revault@etudiant.univ-rennes1.fr;2022-09-16;2022-09-16;25.5;2023
3614841;Jeanne Marie;HERY;F;jeanne marie.hery@etudiant.univ-rennes1.fr;2022-10-08;2022-11-07;25.5;2023
7601491;Vincenza;HOUDAYER;F;vincenza.houdayer@etudiant.univ-rennes1.fr;2022-10-17;2022-10-17;25.5;2023
9777115;Solange;CHEVALIER;F;solange.chevalier@etudiant.univ-rennes1.fr;2022-10-26;2022-10-26;25.5;2023
997790;Augustine;GABORY;fille;augustine.gabory@etudiant.univ-rennes1.fr;2022-10-22;2022-11-21;25.5;2023
8747513;Jean André;BELOUIN;garçon;jean andre.belouin@etudiant.univ-rennes1.fr;2022-09-15;2022-09-15;25.5;2023
1644484;Vanessa;OGEREAU;W;vanessa.ogereau@etudiant.univ-rennes1.fr;2022-10-25;2022-10-25;25.5;2023
2883408;Fernando;BENARD;M;fernando.benard@etudiant.univ-rennes1.fr;2022-09-27;2022-09-27;25.5;2023
1647802;Marianne;BESSON;W;marianne.besson@etudiant.univ-rennes1.fr;2022-10-25;2022-10-25;25.5;2023
9437095;Werner;HULLIN;M;werner.hullin@etudiant.univ-rennes1.fr;2022-10-21;;25.5;2023
5234188;Paul-Henri;LAILLER;garçon;paul-henri.lailler@etudiant.univ-rennes1.fr;2022-09-14;2022-09-14;25.5;2023
9405837;Marinette;JURET;W;marinette.juret@etudiant.univ-rennes1.fr;2022-10-26;2022-10-26;25.5;2023
3500040;Frédérique;EVAIN;fille;frederique.evain@etudiant.univ-rennes1.fr;2022-09-18;2022-09-18;25.5;2023
4816761;Mickaël;BROUSSEAU;H;mickael.brousseau@etudiant.univ-rennes1.fr;2022-09-26;2022-10-26;25.5;2023
9094742;Thérèse-Marie;THOMAS;F;therese-marie.thomas@etudiant.univ-rennes1.fr;2022-10-04;;25.5;2023
7311187;Hugo;DESHAYES;M;hugo.deshayes@etudiant.univ-rennes1.fr;2022-09-20;2022-10-20;25.5;2023
3114424;Michele;GAILLARD;M;michele.gaillard@etudiant.univ-rennes1.fr;2022-09-29;2022-10-29;25.5;2023
9127865;Pierre-Marie;PITON;H;pierre-marie.piton@etudiant.univ-rennes1.fr;2022-09-19;2022-10-19;25.5;2023
5928897;Assia;TELLIER;F;assia.tellier@etudiant.univ-rennes1.fr;2022-09-28;2022-09-28;25.5;2023
5964769;Joseph;LAIGLE;W;joseph.laigle@etudiant.univ-rennes1.fr;2022-10-20;2022-10-20;25.5;2023
5107261;Gina;BOLTEAU;fille;gina.bolteau@etudiant.univ-rennes1.fr;2022-10-26;2022-10-26;25.5;2023
6787143;Steve;BONTEMPS;M;steve.bontemps@etudiant.univ-rennes1.fr;2022-10-22;2022-10-22;25.5;2023
8516750;Irénée;DEVEAU;garçon;irenee.deveau@etudiant.univ-rennes1.fr;2022-09-30;2022-09-30;25.5;2023
5352488;Pauline;JOLIVET;F;pauline.jolivet@etudiant.univ-rennes1.fr;2022-10-19;2022-11-18;25.5;2023
7101049;Daniela;DINAND;fille;daniela.dinand@etudiant.univ-rennes1.fr;2022-10-10;2022-10-10;25.5;2023
906048;Hélène;LEMARCHAND;fille;helene.lemarchand@etudiant.univ-rennes1.fr;2022-09-19;2022-09-19;25.5;2023
4196210;Michelle;LEVEQUE;garçon;michelle.leveque@etudiant.univ-rennes1.fr;2022-09-19;2022-10-19;25.5;2023
7370710;Jean-Loup;RORTEAU;garçon;jean-loup.rorteau@etudiant.univ-rennes1.fr;2022-10-14;2022-11-13;25.5;2023
9034456;Arnold;COUTAND;H;arnold.coutand@etudiant.univ-rennes1.fr;2022-10-03;2022-10-03;25.5;2023
7528141;Mary;SALE;W;mary.sale@etudiant.univ-rennes1.fr;2022-09-13;2022-09-13;25.5;2023
8710431;Richard;BLUTEAU;M;richard.bluteau@etudiant.univ-rennes1.fr;2022-09-16;2022-10-16;25.5;2023
7662077;Gianni;BARBARIN;M;gianni.barbarin@etudiant.univ-rennes1.fr;2022-10-24;2022-11-23;25.5;2023
3841145;Anne Sophie;BARDET;F;anne sophie.bardet@etudiant.univ-rennes1.fr;2022-09-15;2022-09-15;25.5;2023
519831;Kathy;SALE;F;kathy.sale@etudiant.univ-rennes1.fr;2022-09-21;2022-09-21;25.5;2023
4219309;Rebecca;PELTIER;F;rebecca.peltier@etudiant.univ-rennes1.fr;2022-10-15;2022-11-14;25.5;2023
7094369;Laurence;TURPAULT;fille;laurence.turpault@etudiant.univ-rennes1.fr;2022-10-23;2022-11-22;25.5;2023
3528;Ericka;GUYOMARD;W;ericka.guyomard@etudiant.univ-rennes1.fr;2022-10-11;2022-11-10;25.5;2023
6104660;Jean-Albert;LEMAITRE;H;jean-albert.lemaitre@etudiant.univ-rennes1.fr;2022-10-26;2022-11-25;25.5;2023
4266865;Rachida;VERGNEAU;F;rachida.vergneau@etudiant.univ-rennes1.fr;2022-09-20;2022-10-20;25.5;2023
9030568;Janick;VINCONNEAU;garçon;janick.vinconneau@etudiant.univ-rennes1.fr;2022-10-07;2022-10-07;25.5;2023
7808312;Valentine;GESLIN;F;valentine.geslin@etudiant.univ-rennes1.fr;2022-10-17;2022-11-16;25.5;2023
9598109;Marie-Rose;LANGE;fille;marie-rose.lange@etudiant.univ-rennes1.fr;2022-10-07;2022-10-07;25.5;2023
9098198;Abdallah;FOUIN;garçon;abdallah.fouin@etudiant.univ-rennes1.fr;2022-09-17;2022-09-17;25.5;2023
5179638;Marine;PERON;W;marine.peron@etudiant.univ-rennes1.fr;2022-09-26;2022-09-26;25.5;2023
5438886;Jamila;DALIBON;F;jamila.dalibon@etudiant.univ-rennes1.fr;2022-10-13;2022-10-13;25.5;2023
6971046;Lydie;GUEMARD;H;lydie.guemard@etudiant.univ-rennes1.fr;2022-10-19;2022-11-18;25.5;2023
8887467;Djamila;BACLE;F;djamila.bacle@etudiant.univ-rennes1.fr;2022-10-22;2022-10-22;25.5;2023
1079682;Remy;HOUDU;H;remy.houdu@etudiant.univ-rennes1.fr;2022-09-14;2022-09-14;25.5;2023
4430853;Pierre;DAVY;garçon;pierre.davy@etudiant.univ-rennes1.fr;2022-09-22;2022-09-22;25.5;2023
8725005;Rolland;LIEVRE;H;rolland.lievre@etudiant.univ-rennes1.fr;2022-10-18;2022-11-17;25.5;2023
1321828;Bernard;SAUVAGET;H;bernard.sauvaget@etudiant.univ-rennes1.fr;2022-10-09;2022-11-08;25.5;2023
3509867;Jeannine;PAILLAT;W;jeannine.paillat@etudiant.univ-rennes1.fr;2022-09-21;2022-10-21;25.5;2023
6396437;Alex;SAULNIER;H;alex.saulnier@etudiant.univ-rennes1.fr;2022-10-24;2022-10-24;25.5;2023
1372084;Stephan;DELANOUE;H;stephan.delanoue@etudiant.univ-rennes1.fr;2022-09-18;2022-09-18;25.5;2023
6303380;Hamed;FOUGERE;H;hamed.fougere@etudiant.univ-rennes1.fr;2022-09-25;2022-09-25;25.5;2023
6901811;Mona;CHUDEAU;fille;mona.chudeau@etudiant.univ-rennes1.fr;2022-09-11;2022-09-11;25.5;2023
1866526;Jean-Raymond;COIGNARD;garçon;jean-raymond.coignard@etudiant.univ-rennes1.fr;2022-09-28;2022-09-28;25.5;2023
171568;Reynald;HOGNON;garçon;reynald.hognon@etudiant.univ-rennes1.fr;2022-09-13;2022-09-13;25.5;2023
2046596;Anabelle;BOUYER;F;anabelle.bouyer@etudiant.univ-rennes1.fr;2022-09-13;2022-09-13;25.5;2023
9440070;Samir;SUROT;H;samir.surot@etudiant.univ-rennes1.fr;2022-09-11;2022-09-11;25.5;2023
5132626;Joao;GOURE;garçon;joao.goure@etudiant.univ-rennes1.fr;2022-10-18;2022-11-17;25.5;2023
3434843;Laure;BOISSINOT;fille;laure.boissinot@etudiant.univ-rennes1.fr;2022-10-13;2022-10-13;25.5;2023
856194;Jean-Yvon;LEVEQUE;garçon;jean-yvon.leveque@etudiant.univ-rennes1.fr;2022-10-09;2022-11-08;25.5;2023
6768249;Dolores;BOURDEAU;F;dolores.bourdeau@etudiant.univ-rennes1.fr;2022-10-02;2022-11-01;25.5;2023
5208398;Mikaël;GUIGNON;H;mikael.guignon@etudiant.univ-rennes1.fr;2022-10-26;2022-10-26;25.5;2023
4296479;Saliha;BOISNAULT;W;saliha.boisnault@etudiant.univ-rennes1.fr;2022-10-24;2022-11-23;25.5;2023
1468941;Najat;BERTHAUD;F;najat.berthaud@etudiant.univ-rennes1.fr;2022-10-06;2022-10-06;25.5;2023
6532698;Adeline;HOUET;fille;adeline.houet@etudiant.univ-rennes1.fr;2022-10-01;2022-10-31;25.5;2023
81966;Lisette;CHOISNET;fille;lisette.choisnet@etudiant.univ-rennes1.fr;2022-10-01;2022-10-01;25.5;2023
2299333;Alix;THIERY;garçon;alix.thiery@etudiant.univ-rennes1.fr;2022-09-19;2022-09-19;25.5;2023
2116067;Yoann;GAUDICHEAU;M;yoann.gaudicheau@etudiant.univ-rennes1.fr;2022-09-26;2022-09-26;25.5;2023
7048766;François-Marie;RABOIN;M;francois-marie.raboin@etudiant.univ-rennes1.fr;2022-09-27;2022-10-27;25.5;2023
1212318;Pierre Louis;BAUDON;garçon;pierre louis.baudon@etudiant.univ-rennes1.fr;2022-10-12;2022-10-12;25.5;2023
4097932;Cathy;JUBEAU;F;cathy.jubeau@etudiant.univ-rennes1.fr;2022-10-10;2022-10-10;25.5;2023
2906447;Hélène;LAILLER;H;helene.lailler@etudiant.univ-rennes1.fr;2022-10-17;2022-10-17;25.5;2023
8264536;Jerome;METIVIER;H;jerome.metivier@etudiant.univ-rennes1.fr;2022-10-12;2022-10-12;25.5;2023
5564982;Iris;CHEVALIER;W;iris.chevalier@etudiant.univ-rennes1.fr;2022-09-14;2022-09-14;25.5;2023
3619521;Théophile;PROUTIERE;H;theophile.proutiere@etudiant.univ-rennes1.fr;2022-10-08;2022-10-08;25.5;2023
4480087;Adam;GOHIER;garçon;adam.gohier@etudiant.univ-rennes1.fr;2022-09-20;2022-09-20;25.5;2023
9232177;Mathieu;BONDU;garçon;mathieu.bondu@etudiant.univ-rennes1.fr;2022-10-24;2022-11-23;25.5;2023
1405566;Saliha;DELHOMMEAU;W;saliha.delhommeau@etudiant.univ-rennes1.fr;2022-10-04;2022-10-04;25.5;2023
9645399;Véronique;BOUHIRON;F;veronique.bouhiron@etudiant.univ-rennes1.fr;2022-09-30;2022-10-30;25.5;2023
6439314;Suzanne;GASTE;F;suzanne.gaste@etudiant.univ-rennes1.fr;2022-09-15;2022-09-15;25.5;2023
5548333;Vivianne;RABOUIN;W;vivianne.rabouin@etudiant.univ-rennes1.fr;2022-09-20;2022-10-20;25.5;2023
5431327;Moise;LORRE;M;moise.lorre@etudiant.univ-rennes1.fr;2022-10-09;2022-11-08;25.5;2023
8851393;Annie;ROULLIER;fille;annie.roullier@etudiant.univ-rennes1.fr;2022-09-14;2022-09-14;25.5;2023
2982167;Edouard;DALAINE;M;edouard.dalaine@etudiant.univ-rennes1.fr;2022-10-16;2022-10-16;25.5;2023
549362;Joanny;SUBILEAU;H;joanny.subileau@etudiant.univ-rennes1.fr;2022-09-22;2022-10-22;25.5;2023
4638846;Jean Baptiste;ROINARD;garçon;jean baptiste.roinard@etudiant.univ-rennes1.fr;2022-09-26;2022-09-26;25.5;2023
8737405;Jean-Brice;GENDREAU;garçon;jean-brice.gendreau@etudiant.univ-rennes1.fr;2022-10-05;2022-10-05;25.5;2023
4035655;Michéle;MAILLARD;W;michele.maillard@etudiant.univ-rennes1.fr;2022-09-25;2022-10-25;25.5;2023
1802652;Jean Luc;CRUARD;M;jean luc.cruard@etudiant.univ-rennes1.fr;2022-10-06;2022-10-06;25.5;2023
2385670;Marie Dominique;BEUROIS;F;marie dominique.beurois@etudiant.univ-rennes1.fr;2022-10-15;2022-10-15;25.5;2023
6638000;David;JADAUD;fille;david.jadaud@etudiant.univ-rennes1.fr;2022-10-04;2022-11-03;25.5;2023
604520;Pierre-Yves;BLAIN;M;pierre-yves.blain@etudiant.univ-rennes1.fr;2022-10-06;;25.5;2023
1963506;Vivien;RELION;garçon;vivien.relion@etudiant.univ-rennes1.fr;2022-10-05;2022-10-05;25.5;2023
2838280;Philomène;BIGEARD;fille;philomene.bigeard@etudiant.univ-rennes1.fr;2022-10-14;2022-11-13;25.5;2023
3530514;Helen;RABINEAU;F;helen.rabineau@etudiant.univ-rennes1.fr;2023-09-23;2023-10-23;23;2018
7085217;Geneviève;RAGUIN;W;genevieve.raguin@etudiant.univ-rennes1.fr;2023-10-27;2023-10-27;23;2018
4265828;Denis;HODE;fille;denis.hode@etudiant.univ-rennes1.fr;2023-10-25;2023-10-25;23;2018
2542500;Karl;ANIS;H;karl.anis@etudiant.univ-rennes1.fr;2023-10-05;2023-10-05;23;2018
9699114;Ludwig;JACQUET;M;ludwig.jacquet@etudiant.univ-rennes1.fr;2023-10-14;2023-10-14;23;2018
6316333;Nancy;HULLIN;fille;nancy.hullin@etudiant.univ-rennes1.fr;2023-10-25;2023-10-25;23;2018
4583291;Suzy;COSNARD;fille;suzy.cosnard@etudiant.univ-rennes1.fr;2023-10-16;;23;2018
1663442;Théodore;BOMARD;garçon;theodore.bomard@etudiant.univ-rennes1.fr;2023-09-12;2023-10-12;23;2018
1125045;Chantale;ROGER;W;chantale.roger@etudiant.univ-rennes1.fr;2023-09-29;2023-09-29;23;2018
5991458;Chrystele;DUBOIS;F;chrystele.dubois@etudiant.univ-rennes1.fr;2023-09-29;;23;2018
400929;Vincenzo;EDIN;H;vincenzo.edin@etudiant.univ-rennes1.fr;2023-09-20;2023-09-20;23;2018
7278656;Myriam;PERCEVAULT;fille;myriam.percevault@etudiant.univ-rennes1.fr;2023-09-24;;23;2018
8264456;Juliette;RENOUX;F;juliette.renoux@etudiant.univ-rennes1.fr;2023-09-14;2023-10-14;23;2018
6000154;Jean-Camille;SAVARIT;M;jean-camille.savarit@etudiant.univ-rennes1.fr;2023-09-22;2023-09-22;23;2018
3808222;Frantz;REVERDY;M;frantz.reverdy@etudiant.univ-rennes1.fr;2023-09-24;2023-09-24;23;2018
1443127;Marie-Céline;DENECHERE;fille;marie-celine.denechere@etudiant.univ-rennes1.fr;2023-10-19;2023-10-19;23;2018
5905613;Fany;LE ROY;W;fany.le roy@etudiant.univ-rennes1.fr;2023-10-24;2023-10-24;23;2018
6172402;Humbert;BOISIAUD;garçon;humbert.boisiaud@etudiant.univ-rennes1.fr;2023-09-27;2023-09-27;23;2018
4309490;Frédéric;BASLE;W;frederic.basle@etudiant.univ-rennes1.fr;2023-10-11;2023-10-11;23;2018
6826493;Dimitri;PERRAUD;garçon;dimitri.perraud@etudiant.univ-rennes1.fr;2023-10-10;2023-10-10;23;2018
3029679;Cendrine;DUCHENE;fille;cendrine.duchene@etudiant.univ-rennes1.fr;2023-09-15;2023-10-15;23;2018
1533193;Joachim;JUBERT;H;joachim.jubert@etudiant.univ-rennes1.fr;2023-10-13;2023-10-13;23;2018
6684033;Nicole;PREZELIN;M;nicole.prezelin@etudiant.univ-rennes1.fr;2023-10-14;2023-11-13;23;2018
4343488;Sidonie;HACAULT;W;sidonie.hacault@etudiant.univ-rennes1.fr;2023-09-19;;23;2018
2495744;Alain;FRADIN;H;alain.fradin@etudiant.univ-rennes1.fr;2023-09-21;2023-10-21;23;2018
5553866;Lily;TOUCHARD;fille;lily.touchard@etudiant.univ-rennes1.fr;2023-09-25;2023-09-25;23;2018
3744587;Mickaël;LIZEE;H;mickael.lizee@etudiant.univ-rennes1.fr;2023-09-29;2023-09-29;23;2018
8799340;Edouard;PANTAIS;H;edouard.pantais@etudiant.univ-rennes1.fr;2023-09-12;2023-10-12;23;2018
5320916;Alison;GOUBAULT;fille;alison.goubault@etudiant.univ-rennes1.fr;2023-09-28;2023-09-28;23;2018
1778639;Amand;DENEUX;garçon;amand.deneux@etudiant.univ-rennes1.fr;2023-09-27;2023-09-27;23;2018
1997966;Marylène;CHAUVIERE;fille;marylene.chauviere@etudiant.univ-rennes1.fr;2023-10-02;2023-10-02;23;2018
1057577;Janine;LEBLANC;W;janine.leblanc@etudiant.univ-rennes1.fr;2023-10-19;2023-10-19;23;2018
4633219;Francisca;ROYER;W;francisca.royer@etudiant.univ-rennes1.fr;2023-09-13;2023-10-13;23;2018
1966837;Stéphanie;RICHARD;H;stephanie.richard@etudiant.univ-rennes1.fr;2023-10-04;2023-11-03;23;2018
9875243;Gwenola;POITOU;fille;gwenola.poitou@etudiant.univ-rennes1.fr;2023-10-16;2023-10-16;23;2018
6838348;Jean-Charles;LEBRUN;H;jean-charles.lebrun@etudiant.univ-rennes1.fr;2023-09-17;2023-10-17;23;2018
3806289;Frédérique;MOREAU;W;frederique.moreau@etudiant.univ-rennes1.fr;2023-10-02;2023-10-02;23;2018
5668218;Gildas;LIBAUD;garçon;gildas.libaud@etudiant.univ-rennes1.fr;2023-09-22;2023-09-22;23;2018
8106108;Madeleine;PREZELIN;W;madeleine.prezelin@etudiant.univ-rennes1.fr;2023-10-14;2023-10-14;23;2018
1129949;Monika;CHRETIEN;F;monika.chretien@etudiant.univ-rennes1.fr;2023-10-27;2023-11-26;23;2018
5902875;Olivier;MAHE;M;olivier.mahe@etudiant.univ-rennes1.fr;2023-10-02;2023-11-01;23;2018
3242801;Marie Anne;MICHEL;F;marie anne.michel@etudiant.univ-rennes1.fr;2023-09-24;2023-10-24;23;2018
3344822;Arlette;RENIER;W;arlette.renier@etudiant.univ-rennes1.fr;2023-09-26;2023-09-26;23;2018
9169627;Mostafa;RIVAULT;H;mostafa.rivault@etudiant.univ-rennes1.fr;2023-10-15;2023-10-15;23;2018
3043614;Dany;LIGER;H;dany.liger@etudiant.univ-rennes1.fr;2023-09-20;2023-09-20;23;2018
7035795;Bénédicte;ETOURNEUX;garçon;benedicte.etourneux@etudiant.univ-rennes1.fr;2023-09-27;2023-09-27;23;2018
8354927;Jean-Georges;LEPAGE;H;jean-georges.lepage@etudiant.univ-rennes1.fr;2023-10-15;2023-10-15;23;2018
3900976;Amel;ROUMY;W;amel.roumy@etudiant.univ-rennes1.fr;2023-10-18;2023-10-18;23;2018
8889641;Salah;GAILLARD;garçon;salah.gaillard@etudiant.univ-rennes1.fr;2023-09-27;2023-10-27;23;2018
7339596;Najia;ALIGON;W;najia.aligon@etudiant.univ-rennes1.fr;2023-09-20;2023-09-20;23;2018
6949831;Edwige;CHATEIGNER;F;edwige.chateigner@etudiant.univ-rennes1.fr;2023-10-21;2023-10-21;23;2018
1704351;Inès;﻿MARTIN;fille;ines.martin@etudiant.univ-rennes1.fr;2023-09-18;2023-09-18;23;2018
138039;Helen;COIFFARD;fille;helen.coiffard@etudiant.univ-rennes1.fr;2023-10-13;2023-10-13;23;2018
9929295;Anicette;LE GAL;F;anicette.le gal@etudiant.univ-rennes1.fr;2023-10-14;2023-11-13;23;2018
4434849;Gisèle;ANDRAULT;W;gisele.andrault@etudiant.univ-rennes1.fr;2023-09-28;2023-10-28;23;2018
2464497;Maggy;LELIEVRE;fille;maggy.lelievre@etudiant.univ-rennes1.fr;2023-10-02;2023-11-01;23;2018
6597399;Muriel;FOUCHARD;W;muriel.fouchard@etudiant.univ-rennes1.fr;2023-09-17;2023-09-17;23;2018
7467470;Helga;GERNIGON;F;helga.gernigon@etudiant.univ-rennes1.fr;2023-09-15;2023-09-15;23;2018
3733132;Alcide;DEHOUX;H;alcide.dehoux@etudiant.univ-rennes1.fr;2023-10-08;2023-10-08;23;2018
473899;Marie-Pierre;ROBICHON;M;marie-pierre.robichon@etudiant.univ-rennes1.fr;2023-09-12;2023-10-12;23;2018
6802351;Muguette;MONNIER;W;muguette.monnier@etudiant.univ-rennes1.fr;2023-09-23;2023-09-23;23;2018
4879350;Anne-Françoise;MESLET;F;anne-francoise.meslet@etudiant.univ-rennes1.fr;2023-09-25;2023-09-25;23;2018
9340961;Marie-Aline;NAULET;F;marie-aline.naulet@etudiant.univ-rennes1.fr;2023-09-13;2023-09-13;23;2018
15560;Astride;MAROLLEAU;F;astride.marolleau@etudiant.univ-rennes1.fr;2023-10-05;2023-11-04;23;2018
274651;Yvelise;FONTENEAU;fille;yvelise.fonteneau@etudiant.univ-rennes1.fr;2023-10-13;2023-11-12;23;2018
4478217;Bénédicte;BOUHIRON;W;benedicte.bouhiron@etudiant.univ-rennes1.fr;2023-10-19;2023-10-19;23;2018
2892019;Fatima;PONTONNIER;W;fatima.pontonnier@etudiant.univ-rennes1.fr;2023-10-06;2023-10-06;23;2018
7850964;Chistophe;GUIARD;H;chistophe.guiard@etudiant.univ-rennes1.fr;2023-09-18;2023-09-18;23;2018
1663405;Lilianne;BUCHER;F;lilianne.bucher@etudiant.univ-rennes1.fr;2023-10-15;2023-11-14;23;2018
1115480;Christine;ALLORY;M;christine.allory@etudiant.univ-rennes1.fr;2023-10-21;2023-10-21;23;2018
1710322;Siegfried;GRANDIN;H;siegfried.grandin@etudiant.univ-rennes1.fr;2023-10-15;2023-11-14;23;2018
3805079;Antonin;CHESNE;garçon;antonin.chesne@etudiant.univ-rennes1.fr;2023-10-09;2023-10-09;23;2018
2854528;Yannik;MANDIN;garçon;yannik.mandin@etudiant.univ-rennes1.fr;2023-10-05;2023-10-05;23;2018
3635356;Jean Toussaint;MICHELET;H;jean toussaint.michelet@etudiant.univ-rennes1.fr;2023-10-08;2023-10-08;23;2018
3615984;Corinne;SAVARIT;H;corinne.savarit@etudiant.univ-rennes1.fr;2023-09-27;2023-09-27;23;2018
7970054;Soraya;BRECHET;F;soraya.brechet@etudiant.univ-rennes1.fr;2023-09-20;2023-10-20;23;2018
3016990;Priscille;PROD'HOMME;F;priscille.prod'homme@etudiant.univ-rennes1.fr;2023-09-15;2023-09-15;23;2018
5261469;Veronique;PAVIE;fille;veronique.pavie@etudiant.univ-rennes1.fr;2023-09-21;2023-10-21;23;2018
8775967;Claudio;ROUILLE;M;claudio.rouille@etudiant.univ-rennes1.fr;2023-09-16;2023-09-16;23;2018
3228023;Gaël;BOUGET;garçon;gael.bouget@etudiant.univ-rennes1.fr;2023-09-14;2023-09-14;23;2018
583497;Gaelle;MAHOT;fille;gaelle.mahot@etudiant.univ-rennes1.fr;2023-10-26;2023-10-26;23;2018
34297;Marie-Astrid;TROST;F;marie-astrid.trost@etudiant.univ-rennes1.fr;2023-10-01;2023-10-31;23;2018
9155921;Jean Pierre;PERROT;M;jean pierre.perrot@etudiant.univ-rennes1.fr;2023-09-23;2023-09-23;23;2018
8699889;Marceline;CHEVROLLIER;F;marceline.chevrollier@etudiant.univ-rennes1.fr;2023-09-29;2023-09-29;23;2018
8775240;Manuela;MESANGE;F;manuela.mesange@etudiant.univ-rennes1.fr;2023-10-27;2023-10-27;23;2018
6804773;Aurélien;HOMER;garçon;aurelien.homer@etudiant.univ-rennes1.fr;2023-10-02;2023-10-02;23;2018
6432702;Maude;HALBERT;fille;maude.halbert@etudiant.univ-rennes1.fr;2023-09-27;2023-09-27;23;2018
8094130;Ericka;SAUVAGET;F;ericka.sauvaget@etudiant.univ-rennes1.fr;2023-09-23;2023-09-23;23;2018
4240872;Patricia;LHOMMEAU;F;patricia.lhommeau@etudiant.univ-rennes1.fr;2023-10-09;2023-10-09;23;2018
9365834;Marie-Charlotte;PRUD HOMME;W;marie-charlotte.prud homme@etudiant.univ-rennes1.fr;2023-09-29;2023-09-29;23;2018
9179052;Georgette;SALLE;garçon;georgette.salle@etudiant.univ-rennes1.fr;2023-10-26;2023-10-26;23;2018
7777355;Marie-Hélène;BENETEAU;garçon;marie-helene.beneteau@etudiant.univ-rennes1.fr;2023-09-27;2023-09-27;23;2018
2385208;Bertille;MOUILLE;W;bertille.mouille@etudiant.univ-rennes1.fr;2023-10-13;;23;2018
9710923;Yannick;VEAU;F;yannick.veau@etudiant.univ-rennes1.fr;2023-09-28;2023-10-28;23;2018
7567148;Henriette;BOUVET;fille;henriette.bouvet@etudiant.univ-rennes1.fr;2023-09-16;2023-09-16;23;2018
8024999;Pierre-Michel;LOISON;M;pierre-michel.loison@etudiant.univ-rennes1.fr;2023-10-11;2023-10-11;23;2018
860488;Malou;PIFFARD;fille;malou.piffard@etudiant.univ-rennes1.fr;2023-10-16;2023-10-16;23;2018
507855;Danielle;PRUDHOMME;M;danielle.prudhomme@etudiant.univ-rennes1.fr;2023-09-25;2023-09-25;23;2018
101046;Emmanuelle;DAGUIN;F;emmanuelle.daguin@etudiant.univ-rennes1.fr;2023-10-04;2023-10-04;23;2018
9585535;Félicie;SOULARD;fille;felicie.soulard@etudiant.univ-rennes1.fr;2023-10-26;2023-10-26;23;2018
4049986;Natalie;MILLERAND;F;natalie.millerand@etudiant.univ-rennes1.fr;2023-10-03;2023-11-02;23;2018
2020355;Brigitte;ABLINE;F;brigitte.abline@etudiant.univ-rennes1.fr;2023-09-12;2023-09-12;23;2018
801225;Jean Charles;CHEVRE;M;jean charles.chevre@etudiant.univ-rennes1.fr;2023-09-12;2023-09-12;23;2018
9401226;Pilar;GUICHARD;W;pilar.guichard@etudiant.univ-rennes1.fr;2023-09-30;2023-09-30;23;2018
8955635;Anne-Yvonne;LEBRUN;W;anne-yvonne.lebrun@etudiant.univ-rennes1.fr;2023-10-06;2023-10-06;23;2018
1884033;Carine;REVEILLERE;F;carine.reveillere@etudiant.univ-rennes1.fr;2023-10-19;2023-10-19;23;2018
1810422;Mireille;LEGER;fille;mireille.leger@etudiant.univ-rennes1.fr;2023-09-16;2023-10-16;23;2018
7145865;Fatma;COUVREUX;fille;fatma.couvreux@etudiant.univ-rennes1.fr;2023-09-21;2023-09-21;23;2018
494042;Katell;PAYRAUDEAU;F;katell.payraudeau@etudiant.univ-rennes1.fr;2023-10-04;;23;2018
7231589;Jacob;BOURRIGAULT;M;jacob.bourrigault@etudiant.univ-rennes1.fr;2023-10-07;2023-10-07;23;2018
8147057;Florian;BEAUMONT;M;florian.beaumont@etudiant.univ-rennes1.fr;2023-09-17;2023-10-17;23;2018
7848592;Jean-Max;RIOU;M;jean-max.riou@etudiant.univ-rennes1.fr;2023-09-29;2023-09-29;23;2018
7761100;Karl;BOUTET;H;karl.boutet@etudiant.univ-rennes1.fr;2023-10-27;2023-10-27;23;2018
5704838;Emmanuel;CHOLLET;garçon;emmanuel.chollet@etudiant.univ-rennes1.fr;2023-09-28;2023-09-28;23;2018
455099;Antoinette;PERRAULT;fille;antoinette.perrault@etudiant.univ-rennes1.fr;2023-10-07;;23;2018
7747843;Julio;COTTIN;M;julio.cottin@etudiant.univ-rennes1.fr;2023-10-10;2023-11-09;23;2018
4583912;Clothilde;BACHELOT;F;clothilde.bachelot@etudiant.univ-rennes1.fr;2023-10-05;2023-10-05;23;2018
4124362;Renee;GANNE;F;renee.ganne@etudiant.univ-rennes1.fr;2023-10-02;2023-10-02;23;2018
4651705;Raphaële;PROVOST;W;raphaele.provost@etudiant.univ-rennes1.fr;2023-09-15;2023-09-15;23;2018
6876230;Bérénice;VRAIN;fille;berenice.vrain@etudiant.univ-rennes1.fr;2023-10-14;2023-11-13;23;2018
4647388;Pascale;BASSET;fille;pascale.basset@etudiant.univ-rennes1.fr;2023-09-30;2023-09-30;23;2018
4776029;Héloïse;LEMASSON;fille;heloise.lemasson@etudiant.univ-rennes1.fr;2023-10-18;2023-11-17;23;2018
5499132;Dominique;RONCIER;garçon;dominique.roncier@etudiant.univ-rennes1.fr;2023-09-15;2023-09-15;23;2018
5499953;Jim;GACHET;garçon;jim.gachet@etudiant.univ-rennes1.fr;2023-09-21;2023-09-21;23;2018
4407803;Mohamed;LACROIX;garçon;mohamed.lacroix@etudiant.univ-rennes1.fr;2023-09-22;2023-09-22;23;2018
6136699;Aymeric;POIRIER;H;aymeric.poirier@etudiant.univ-rennes1.fr;2023-10-21;2023-10-21;23;2018
606392;Cédric;ANDORIN;H;cedric.andorin@etudiant.univ-rennes1.fr;2023-09-30;2023-10-30;23;2018
268237;Annonciade;BRU;W;annonciade.bru@etudiant.univ-rennes1.fr;2023-09-17;;23;2018
2605131;Romain;BLANCHARD;H;romain.blanchard@etudiant.univ-rennes1.fr;2023-09-26;2023-09-26;23;2018
2265713;Jean-Luc;GROSBOIS;M;jean-luc.grosbois@etudiant.univ-rennes1.fr;2023-10-20;2023-10-20;23;2018
1674550;Vivian;HACAULT;garçon;vivian.hacault@etudiant.univ-rennes1.fr;2023-10-01;2023-10-01;23;2018
136058;Marie-Paule;MAHE;F;marie-paule.mahe@etudiant.univ-rennes1.fr;2023-09-30;2023-09-30;23;2018
9848855;Lysianne;BEILLARD;fille;lysianne.beillard@etudiant.univ-rennes1.fr;2023-10-23;2023-10-23;23;2018
6897722;Cécile;JEANNEAU;M;cecile.jeanneau@etudiant.univ-rennes1.fr;2023-10-12;2023-10-12;23;2018
7894397;Jean Maurice;REIGNIER;M;jean maurice.reignier@etudiant.univ-rennes1.fr;2023-10-03;2023-10-03;23;2018
8171384;Thérèse-Marie;PICARD;fille;therese-marie.picard@etudiant.univ-rennes1.fr;2023-09-21;2023-09-21;23;2018
9896491;Raphaelle;BUSSON;fille;raphaelle.busson@etudiant.univ-rennes1.fr;2023-10-05;2023-11-04;23;2018
9956934;Félicie;ALAIN;F;felicie.alain@etudiant.univ-rennes1.fr;2023-10-22;2023-10-22;23;2018
5032678;Jannick;COLONNIER;H;jannick.colonnier@etudiant.univ-rennes1.fr;2023-10-22;2023-11-21;23;2018
1347587;Josyane;CHEMINEAU;W;josyane.chemineau@etudiant.univ-rennes1.fr;2023-10-20;;23;2018
492491;Stéphan;OUVRARD;garçon;stephan.ouvrard@etudiant.univ-rennes1.fr;2023-09-27;2023-09-27;23;2018
8200792;David;MAILLET;W;david.maillet@etudiant.univ-rennes1.fr;2023-09-15;2023-10-15;23;2018
3428204;Jean-Vincent;PINIER;H;jean-vincent.pinier@etudiant.univ-rennes1.fr;2023-09-22;2023-10-22;23;2018
883663;Anne Sophie;BARRE;F;anne sophie.barre@etudiant.univ-rennes1.fr;2023-10-03;2023-10-03;23;2018
103153;Annette;BREBION;W;annette.brebion@etudiant.univ-rennes1.fr;2023-09-20;2023-09-20;23;2018
4167770;Annonciade;GODIN;W;annonciade.godin@etudiant.univ-rennes1.fr;2023-09-29;;23;2018
2077485;Joannès;ESNAULT;garçon;joannes.esnault@etudiant.univ-rennes1.fr;2023-10-26;2023-10-26;23;2018
5564971;Rachida;COUVREUX;F;rachida.couvreux@etudiant.univ-rennes1.fr;2023-10-25;2023-10-25;23;2018
9419114;Cedric;FOULON;H;cedric.foulon@etudiant.univ-rennes1.fr;2023-09-16;2023-10-16;23;2018
36833;Octave;HIVERT;M;octave.hivert@etudiant.univ-rennes1.fr;2023-10-21;2023-11-20;23;2018
1829605;Ariane;BOULLAIS;W;ariane.boullais@etudiant.univ-rennes1.fr;2023-09-15;2023-09-15;23;2018
4131535;Marie-Alice;LEGRAND;W;marie-alice.legrand@etudiant.univ-rennes1.fr;2023-09-18;2023-09-18;23;2018
7323499;Donald;TISON;garçon;donald.tison@etudiant.univ-rennes1.fr;2023-10-05;2023-11-04;23;2018
2077845;Fatiha;TESSIER;W;fatiha.tessier@etudiant.univ-rennes1.fr;2023-09-25;2023-09-25;23;2018
8441349;Maxime;LEDUC;M;maxime.leduc@etudiant.univ-rennes1.fr;2023-09-12;2023-09-12;23;2018
6519861;Stephane;PERCHERON;H;stephane.percheron@etudiant.univ-rennes1.fr;2023-10-09;2023-10-09;23;2018
4244014;Thiery;LECLAIR;M;thiery.leclair@etudiant.univ-rennes1.fr;2023-10-02;2023-10-02;23;2018
4424888;Norbert;DELOUCHE;garçon;norbert.delouche@etudiant.univ-rennes1.fr;2023-09-22;2023-09-22;23;2018
9782076;Toussaint;BILLARD;M;toussaint.billard@etudiant.univ-rennes1.fr;2023-09-15;2023-09-15;23;2018
7199569;France;LEON;M;france.leon@etudiant.univ-rennes1.fr;2023-09-24;2023-09-24;23;2018
108966;Noëlle;CHOLEAU;W;noelle.choleau@etudiant.univ-rennes1.fr;2023-10-03;2023-10-03;23;2018
522105;Corine;TUFFREAU;W;corine.tuffreau@etudiant.univ-rennes1.fr;2023-09-22;2023-09-22;23;2018
127028;Gilda;MENET;fille;gilda.menet@etudiant.univ-rennes1.fr;2023-10-13;2023-11-12;23;2018
2708101;Jean-Marie;TAVEAU;garçon;jean-marie.taveau@etudiant.univ-rennes1.fr;2023-10-11;2023-11-10;23;2018
3859477;Narcisse;DALIFARD;M;narcisse.dalifard@etudiant.univ-rennes1.fr;2023-09-21;2023-10-21;23;2018
7664126;Colombe;LORENDEAU;F;colombe.lorendeau@etudiant.univ-rennes1.fr;2023-09-14;2023-09-14;23;2018
7875661;Luciano;CHAILLOU;H;luciano.chaillou@etudiant.univ-rennes1.fr;2023-10-27;2023-10-27;23;2018
7962855;Marie-Rose;JOLY;fille;marie-rose.joly@etudiant.univ-rennes1.fr;2023-09-24;2023-09-24;23;2018
4881043;Emile;CLENET;M;emile.clenet@etudiant.univ-rennes1.fr;2023-10-22;2023-10-22;23;2018
276573;Marie-Noelle;AUMOND;W;marie-noelle.aumond@etudiant.univ-rennes1.fr;2023-10-26;2023-10-26;23;2018
248790;Isidore;ROSSIGNOL;H;isidore.rossignol@etudiant.univ-rennes1.fr;2023-10-09;2023-11-08;23;2018
2770248;Graziella;VIOLLEAU;W;graziella.violleau@etudiant.univ-rennes1.fr;2023-10-15;2023-10-15;23;2018
243144;Baptiste;CLENET;M;baptiste.clenet@etudiant.univ-rennes1.fr;2023-09-12;2023-10-12;23;2018
4022307;Corine;HOMER;fille;corine.homer@etudiant.univ-rennes1.fr;2023-09-30;2023-10-30;23;2018
9629022;Cendrine;BOURBON;fille;cendrine.bourbon@etudiant.univ-rennes1.fr;2023-09-17;2023-10-17;23;2018
6107913;Marie-Françoise;GAUTIER;W;marie-francoise.gautier@etudiant.univ-rennes1.fr;2023-10-19;2023-11-18;23;2018
8793782;Manon;LUSSEAU;fille;manon.lusseau@etudiant.univ-rennes1.fr;2023-10-08;2023-10-08;23;2018
7043760;Jean-Henri;GRASSET;garçon;jean-henri.grasset@etudiant.univ-rennes1.fr;2023-10-18;2023-10-18;23;2018
8667146;Jeremy;AUBINEAU;H;jeremy.aubineau@etudiant.univ-rennes1.fr;2023-09-15;2023-09-15;23;2018
6066463;Janick;COUDERT;W;janick.coudert@etudiant.univ-rennes1.fr;2023-10-24;2023-10-24;23;2018
7476598;Baptiste;LEFEVRE;H;baptiste.lefevre@etudiant.univ-rennes1.fr;2023-09-15;2023-09-15;23;2018
5806187;Philip;POITOU;garçon;philip.poitou@etudiant.univ-rennes1.fr;2023-10-08;2023-10-08;23;2018
1074376;Josie;GRELET;F;josie.grelet@etudiant.univ-rennes1.fr;2023-09-13;2023-09-13;23;2018
7367140;Joël;GRIFFON;fille;joel.griffon@etudiant.univ-rennes1.fr;2023-10-27;2023-10-27;23;2018
5654485;Rachel;CLAUDE;M;rachel.claude@etudiant.univ-rennes1.fr;2023-10-10;;23;2018
7062366;Jeremie;RICOU;H;jeremie.ricou@etudiant.univ-rennes1.fr;2023-09-13;2023-10-13;23;2018
6223280;Martial;FRETTE;M;martial.frette@etudiant.univ-rennes1.fr;2023-09-20;2023-09-20;23;2018
3662800;Ghislène;ALLAIRE;fille;ghislene.allaire@etudiant.univ-rennes1.fr;2023-10-02;2023-10-02;23;2018
9515545;Claudy;GABORY;F;claudy.gabory@etudiant.univ-rennes1.fr;2023-09-30;2023-10-30;23;2018
8559938;Rose-May;CRESPIN;W;rose-may.crespin@etudiant.univ-rennes1.fr;2023-10-23;2023-11-22;23;2018
6811689;Jean-Alain;CHOLEAU;H;jean-alain.choleau@etudiant.univ-rennes1.fr;2023-09-25;2023-09-25;23;2018
355898;Patricia;GODICHEAU;M;patricia.godicheau@etudiant.univ-rennes1.fr;2023-10-02;2023-10-02;23;2018
5222144;Laurent;CUSSONNEAU;M;laurent.cussonneau@etudiant.univ-rennes1.fr;2023-10-25;2023-10-25;23;2018
3355127;Patric;REVAULT;M;patric.revault@etudiant.univ-rennes1.fr;2023-10-17;2023-10-17;23;2018
9816486;Irénée;PAPIN;M;irenee.papin@etudiant.univ-rennes1.fr;2023-09-28;2023-09-28;23;2018
9325041;Magalie;BAZANTE;F;magalie.bazante@etudiant.univ-rennes1.fr;2023-10-03;2023-10-03;23;2018
8386950;Martina;LEGEAI;F;martina.legeai@etudiant.univ-rennes1.fr;2023-09-25;2023-09-25;23;2018
7601491;Vincenza;HOUDAYER;F;vincenza.houdayer@etudiant.univ-rennes1.fr;2023-09-22;2023-10-22;23;2018
2755407;Taoufik;LEBLOND;M;taoufik.leblond@etudiant.univ-rennes1.fr;2023-09-18;2023-10-18;23;2018
8747513;Jean André;BELOUIN;garçon;jean andre.belouin@etudiant.univ-rennes1.fr;2023-10-22;2023-10-22;23;2018
1644484;Vanessa;OGEREAU;W;vanessa.ogereau@etudiant.univ-rennes1.fr;2023-10-22;2023-11-21;23;2018
5810703;Severine;REBONDY;W;severine.rebondy@etudiant.univ-rennes1.fr;2023-10-16;2023-11-15;23;2018
5234188;Paul-Henri;LAILLER;garçon;paul-henri.lailler@etudiant.univ-rennes1.fr;2023-09-17;2023-09-17;23;2018
5744405;Lisette;JOURDAIN;fille;lisette.jourdain@etudiant.univ-rennes1.fr;2023-09-23;2023-09-23;23;2018
4816761;Mickaël;BROUSSEAU;H;mickael.brousseau@etudiant.univ-rennes1.fr;2023-09-12;2023-09-12;23;2018
5679002;Solenne;BLANCHARD;W;solenne.blanchard@etudiant.univ-rennes1.fr;2023-10-26;2023-10-26;23;2018
7489903;Davy;ALEXANDRE;M;davy.alexandre@etudiant.univ-rennes1.fr;2023-09-18;;23;2018
9413847;Tamara;CHOLET;fille;tamara.cholet@etudiant.univ-rennes1.fr;2023-10-24;2023-10-24;23;2018
8203047;Désiré;POTTIER;H;desire.pottier@etudiant.univ-rennes1.fr;2023-09-12;2023-09-12;23;2018
9127865;Pierre-Marie;PITON;H;pierre-marie.piton@etudiant.univ-rennes1.fr;2023-10-08;2023-10-08;23;2018
5107261;Gina;BOLTEAU;fille;gina.bolteau@etudiant.univ-rennes1.fr;2023-10-18;2023-10-18;23;2018
9280128;Cathy;POISSON;garçon;cathy.poisson@etudiant.univ-rennes1.fr;2023-10-03;2023-11-02;23;2018
3564997;Herve;BOUCHARD;H;herve.bouchard@etudiant.univ-rennes1.fr;2023-10-09;2023-10-09;23;2018
1804452;Etienne;BAHUAUD;M;etienne.bahuaud@etudiant.univ-rennes1.fr;2023-10-23;2023-10-23;23;2018
5736205;Jean-Yves;CONGNARD;H;jean-yves.congnard@etudiant.univ-rennes1.fr;2023-10-15;2023-10-15;23;2018
982945;Romaric;ESNARD;M;romaric.esnard@etudiant.univ-rennes1.fr;2023-10-04;2023-10-04;23;2018
2518624;Hélène;VANNIER;W;helene.vannier@etudiant.univ-rennes1.fr;2023-10-10;;23;2018
5633652;Jerôme;FLECHEAU;M;jerome.flecheau@etudiant.univ-rennes1.fr;2023-10-04;2023-10-04;23;2018
9662058;Philppe;VEGER;garçon;philppe.veger@etudiant.univ-rennes1.fr;2023-09-21;;23;2018
906048;Hélène;LEMARCHAND;fille;helene.lemarchand@etudiant.univ-rennes1.fr;2023-09-14;2023-09-14;23;2018
4196210;Michelle;LEVEQUE;garçon;michelle.leveque@etudiant.univ-rennes1.fr;2023-10-04;2023-10-04;23;2018
7528141;Mary;SALE;W;mary.sale@etudiant.univ-rennes1.fr;2023-09-13;2023-09-13;23;2018
7322563;Yvonnick;VIGNERON;M;yvonnick.vigneron@etudiant.univ-rennes1.fr;2023-09-26;2023-09-26;23;2018
2038955;Roger;BOURSIER;garçon;roger.boursier@etudiant.univ-rennes1.fr;2023-10-26;2023-10-26;23;2018
6159800;Daniel;LETOURNEAU;garçon;daniel.letourneau@etudiant.univ-rennes1.fr;2023-10-10;2023-11-09;23;2018
2053184;Jocelyn;BIOTEAU;garçon;jocelyn.bioteau@etudiant.univ-rennes1.fr;2023-09-30;2023-09-30;23;2018
4280311;Claire;COSNARD;garçon;claire.cosnard@etudiant.univ-rennes1.fr;2023-10-05;2023-10-05;23;2018
6092537;Mostafa;PAILLAT;H;mostafa.paillat@etudiant.univ-rennes1.fr;2023-09-24;2023-09-24;23;2018
3841145;Anne Sophie;BARDET;F;anne sophie.bardet@etudiant.univ-rennes1.fr;2023-10-08;2023-11-07;23;2018
9535159;Louis;DESBOIS;M;louis.desbois@etudiant.univ-rennes1.fr;2023-10-12;2023-11-11;23;2018
3528;Ericka;GUYOMARD;W;ericka.guyomard@etudiant.univ-rennes1.fr;2023-09-26;2023-09-26;23;2018
6104660;Jean-Albert;LEMAITRE;H;jean-albert.lemaitre@etudiant.univ-rennes1.fr;2023-09-26;2023-09-26;23;2018
4266865;Rachida;VERGNEAU;F;rachida.vergneau@etudiant.univ-rennes1.fr;2023-10-01;2023-10-01;23;2018
9565886;Marie-Jane;GAUTIER;F;marie-jane.gautier@etudiant.univ-rennes1.fr;2023-10-19;2023-10-19;23;2018
1407205;Francine;ROINE;M;francine.roine@etudiant.univ-rennes1.fr;2023-09-18;2023-09-18;23;2018
8624912;Ange;BOURREAU;garçon;ange.bourreau@etudiant.univ-rennes1.fr;2023-10-16;2023-11-15;23;2018
3049600;Quentin;AVRILLON;H;quentin.avrillon@etudiant.univ-rennes1.fr;2023-10-17;;23;2018
1322844;Jean-Albert;GUICHARD;H;jean-albert.guichard@etudiant.univ-rennes1.fr;2023-09-26;2023-10-26;23;2018
5179638;Marine;PERON;W;marine.peron@etudiant.univ-rennes1.fr;2023-10-15;;23;2018
5438886;Jamila;DALIBON;F;jamila.dalibon@etudiant.univ-rennes1.fr;2023-10-10;2023-10-10;23;2018
9874366;Marie Françoise;BOURDAIS;W;marie francoise.bourdais@etudiant.univ-rennes1.fr;2023-09-30;2023-09-30;23;2018
6971046;Lydie;GUEMARD;H;lydie.guemard@etudiant.univ-rennes1.fr;2023-09-19;2023-09-19;23;2018
254339;Omar;BODIN;garçon;omar.bodin@etudiant.univ-rennes1.fr;2023-10-11;2023-11-10;23;2018
9094168;Sylvian;THOREAU;M;sylvian.thoreau@etudiant.univ-rennes1.fr;2023-10-06;2023-10-06;23;2018
1079682;Remy;HOUDU;H;remy.houdu@etudiant.univ-rennes1.fr;2023-10-19;2023-10-19;23;2018
8725005;Rolland;LIEVRE;H;rolland.lievre@etudiant.univ-rennes1.fr;2023-10-16;2023-10-16;23;2018
5974057;Valéry;GUICHARD;M;valery.guichard@etudiant.univ-rennes1.fr;2023-10-17;2023-10-17;23;2018
9065722;Clément;DIDIER;H;clement.didier@etudiant.univ-rennes1.fr;2023-09-27;2023-09-27;23;2018
2581714;Claudine;ROBICHON;garçon;claudine.robichon@etudiant.univ-rennes1.fr;2023-09-17;2023-09-17;23;2018
519158;Martin;MARCEAU;H;martin.marceau@etudiant.univ-rennes1.fr;2023-10-16;2023-11-15;23;2018
6396437;Alex;SAULNIER;H;alex.saulnier@etudiant.univ-rennes1.fr;2023-09-17;2023-09-17;23;2018
2643998;Marie-Neige;EVEILLARD;F;marie-neige.eveillard@etudiant.univ-rennes1.fr;2023-10-08;2023-10-08;23;2018
1372084;Stephan;DELANOUE;H;stephan.delanoue@etudiant.univ-rennes1.fr;2023-10-16;2023-11-15;23;2018
168621;Leïla;JURET;fille;leila.juret@etudiant.univ-rennes1.fr;2023-09-12;2023-09-12;23;2018
715601;Rénald;BELLION;H;renald.bellion@etudiant.univ-rennes1.fr;2023-09-21;2023-10-21;23;2018
7066039;Jean Paul;GUIMBRETIERE;garçon;jean paul.guimbretiere@etudiant.univ-rennes1.fr;2023-09-24;2023-09-24;23;2018
2711330;Francisque;BLUTEAU;H;francisque.bluteau@etudiant.univ-rennes1.fr;2023-09-24;2023-09-24;23;2018
7967859;Marie-Danielle;ETIENNE;F;marie-danielle.etienne@etudiant.univ-rennes1.fr;2023-09-12;2023-09-12;23;2018
3724573;Ruddy;BARBAULT;M;ruddy.barbault@etudiant.univ-rennes1.fr;2023-10-20;2023-11-19;23;2018
8250155;Charlène;CONSTANTIN;fille;charlene.constantin@etudiant.univ-rennes1.fr;2023-09-22;2023-09-22;23;2018
1590418;Mariana;AUVINET;F;mariana.auvinet@etudiant.univ-rennes1.fr;2023-10-27;2023-10-27;23;2018
730483;Bruna;HEMERY;fille;bruna.hemery@etudiant.univ-rennes1.fr;2023-10-05;2023-10-05;23;2018
6657126;Elvis;RABINEAU;H;elvis.rabineau@etudiant.univ-rennes1.fr;2023-09-27;2023-09-27;23;2018
171568;Reynald;HOGNON;garçon;reynald.hognon@etudiant.univ-rennes1.fr;2023-10-05;;23;2018
2798628;Monika;ARIAL;fille;monika.arial@etudiant.univ-rennes1.fr;2023-09-14;2023-10-14;23;2018
5132626;Joao;GOURE;garçon;joao.goure@etudiant.univ-rennes1.fr;2023-09-19;2023-09-19;23;2018
1691150;Eric;CLENET;M;eric.clenet@etudiant.univ-rennes1.fr;2023-10-10;2023-10-10;23;2018
9876669;Gaetan;LAMOUREUX;garçon;gaetan.lamoureux@etudiant.univ-rennes1.fr;2023-10-22;2023-11-21;23;2018
3434843;Laure;BOISSINOT;fille;laure.boissinot@etudiant.univ-rennes1.fr;2023-10-19;2023-10-19;23;2018
856194;Jean-Yvon;LEVEQUE;garçon;jean-yvon.leveque@etudiant.univ-rennes1.fr;2023-10-02;2023-10-02;23;2018
2104286;Marie-Caroline;LEMAITRE;F;marie-caroline.lemaitre@etudiant.univ-rennes1.fr;2023-10-15;2023-10-15;23;2018
3484804;Marielle;GRIVAULT;W;marielle.grivault@etudiant.univ-rennes1.fr;2023-09-15;;23;2018
6768249;Dolores;BOURDEAU;F;dolores.bourdeau@etudiant.univ-rennes1.fr;2023-10-19;2023-10-19;23;2018
5208398;Mikaël;GUIGNON;H;mikael.guignon@etudiant.univ-rennes1.fr;2023-10-27;2023-10-27;23;2018
6606927;Salima;GUILBAULT;fille;salima.guilbault@etudiant.univ-rennes1.fr;2023-09-22;2023-09-22;23;2018
4456631;Thibaud;BERNIER;garçon;thibaud.bernier@etudiant.univ-rennes1.fr;2023-10-13;2023-11-12;23;2018
7099660;Amédée;ANTIER;garçon;amedee.antier@etudiant.univ-rennes1.fr;2023-10-04;2023-10-04;23;2018
738600;Rodolphe;LUMINEAU;H;rodolphe.lumineau@etudiant.univ-rennes1.fr;2023-09-30;2023-09-30;23;2018
2299333;Alix;THIERY;garçon;alix.thiery@etudiant.univ-rennes1.fr;2023-09-12;2023-10-12;23;2018
7048766;François-Marie;RABOIN;M;francois-marie.raboin@etudiant.univ-rennes1.fr;2023-09-20;2023-09-20;23;2018
1642443;Marie Jose;LEGRAND;F;marie jose.legrand@etudiant.univ-rennes1.fr;2023-10-08;2023-10-08;23;2018
7456381;Germinal;DESGRE;M;germinal.desgre@etudiant.univ-rennes1.fr;2023-10-19;2023-10-19;23;2018
4097932;Cathy;JUBEAU;F;cathy.jubeau@etudiant.univ-rennes1.fr;2023-09-12;2023-09-12;23;2018
2906447;Hélène;LAILLER;H;helene.lailler@etudiant.univ-rennes1.fr;2023-10-25;2023-10-25;23;2018
8264536;Jerome;METIVIER;H;jerome.metivier@etudiant.univ-rennes1.fr;2023-10-18;2023-11-17;23;2018
5676653;Renaud;BOUIN;H;renaud.bouin@etudiant.univ-rennes1.fr;2023-10-05;2023-10-05;23;2018
5564982;Iris;CHEVALIER;W;iris.chevalier@etudiant.univ-rennes1.fr;2023-09-16;2023-09-16;23;2018
3619521;Théophile;PROUTIERE;H;theophile.proutiere@etudiant.univ-rennes1.fr;2023-10-24;2023-10-24;23;2018
8449746;Salah;HUPONT;H;salah.hupont@etudiant.univ-rennes1.fr;2023-10-14;2023-10-14;23;2018
5491107;Rodrigue;JOUANNEAU;H;rodrigue.jouanneau@etudiant.univ-rennes1.fr;2023-10-17;2023-11-16;23;2018
5500184;Christianne;BIOTTEAU;W;christianne.biotteau@etudiant.univ-rennes1.fr;2023-10-11;2023-10-11;23;2018
9645399;Véronique;BOUHIRON;F;veronique.bouhiron@etudiant.univ-rennes1.fr;2023-09-16;2023-09-16;23;2018
5548333;Vivianne;RABOUIN;W;vivianne.rabouin@etudiant.univ-rennes1.fr;2023-10-10;2023-10-10;23;2018
4184809;Victoire;HARDOU;fille;victoire.hardou@etudiant.univ-rennes1.fr;2023-09-16;;23;2018
4239962;Conchita;SUTEAU;fille;conchita.suteau@etudiant.univ-rennes1.fr;2023-10-15;2023-10-15;23;2018
8851393;Annie;ROULLIER;fille;annie.roullier@etudiant.univ-rennes1.fr;2023-10-18;2023-10-18;23;2018
8446594;Alexia;CHAIGNEAU;fille;alexia.chaigneau@etudiant.univ-rennes1.fr;2023-09-17;2023-09-17;23;2018
549362;Joanny;SUBILEAU;H;joanny.subileau@etudiant.univ-rennes1.fr;2023-09-24;2023-10-24;23;2018
8347453;Régine;GEORGET;M;regine.georget@etudiant.univ-rennes1.fr;2023-10-19;2023-10-19;23;2018
2571528;Samira;CHAUVIERE;W;samira.chauviere@etudiant.univ-rennes1.fr;2023-09-22;2023-09-22;23;2018